-- GodsOfTheSea_Modifiers
-- Author: manux
-- DateCreated: 3/3/2024 6:49:05 PM
--------------------------------------------------------------

INSERT OR IGNORE INTO Types
		(Type,												Kind)
VALUES	--('MOD_MNX_OWNER_ATTACH_MODIFIER',					'KIND_MODIFIER'),
		('ABILITY_MNX_IGNORE_EMBARK_DISEMBARK_COST',		'KIND_ABILITY'),
		('ABILITY_MNX_FIGHT_WHILE_EMBARKED',				'KIND_ABILITY'),
		('ABILITY_MNX_HEAL_NEUTRAL_TERRITORY',				'KIND_ABILITY');

/*
INSERT OR IGNORE INTO DynamicModifiers 
		(ModifierType,							CollectionType,				EffectType)
VALUES	('MOD_MNX_OWNER_ATTACH_MODIFIER', 		'COLLECTION_OWNER', 		'EFFECT_ATTACH_MODIFIER');
*/

INSERT OR IGNORE INTO UnitAbilities
		(UnitAbilityType,									Inactive)
VALUES	('ABILITY_MNX_IGNORE_EMBARK_DISEMBARK_COST',		1),
		('ABILITY_MNX_FIGHT_WHILE_EMBARKED',				1),
		('ABILITY_MNX_HEAL_NEUTRAL_TERRITORY',				1);


INSERT OR IGNORE INTO UnitAbilityModifiers
		(UnitAbilityType,									ModifierId)
VALUES	('ABILITY_MNX_IGNORE_EMBARK_DISEMBARK_COST',		'MOD_MNX_ABIL_IGNORE_EMBARK_DISEMBARK_COST'),
		('ABILITY_MNX_FIGHT_WHILE_EMBARKED',				'MOD_MNX_ABIL_FIGHT_WHILE_EMBARKED'),
		('ABILITY_MNX_HEAL_NEUTRAL_TERRITORY',				'MOD_MNX_ABIL_SHIP_HEAL_NEUTRAL');


INSERT OR IGNORE INTO TypeTags
		(Type,												Tag)
VALUES	('ABILITY_MNX_IGNORE_EMBARK_DISEMBARK_COST',		'CLASS_ALL_COMBAT_UNITS'),
		('ABILITY_MNX_IGNORE_EMBARK_DISEMBARK_COST',		'CLASS_LANDCIVILIAN'),
		('ABILITY_MNX_IGNORE_EMBARK_DISEMBARK_COST',		'CLASS_SUPPORT'),
		('ABILITY_MNX_FIGHT_WHILE_EMBARKED',				'CLASS_RECON'),
		('ABILITY_MNX_FIGHT_WHILE_EMBARKED',				'CLASS_MELEE'),
		('ABILITY_MNX_FIGHT_WHILE_EMBARKED',				'CLASS_RANGED'),
		('ABILITY_MNX_FIGHT_WHILE_EMBARKED',				'CLASS_SIEGE'),
		('ABILITY_MNX_FIGHT_WHILE_EMBARKED',				'CLASS_HEAVY_CAVALRY'),
		('ABILITY_MNX_FIGHT_WHILE_EMBARKED',				'CLASS_LIGHT_CAVALRY'),
		('ABILITY_MNX_FIGHT_WHILE_EMBARKED',				'CLASS_RANGED_CAVALRY'),
		('ABILITY_MNX_FIGHT_WHILE_EMBARKED',				'CLASS_ANTI_CAVALRY'),
		('ABILITY_MNX_FIGHT_WHILE_EMBARKED',				'CLASS_HEAVY_CHARIOT'),
		('ABILITY_MNX_FIGHT_WHILE_EMBARKED',				'CLASS_LIGHT_CHARIOT'),
		('ABILITY_MNX_HEAL_NEUTRAL_TERRITORY',				'CLASS_NAVAL_MELEE'),
		('ABILITY_MNX_HEAL_NEUTRAL_TERRITORY',				'CLASS_NAVAL_RANGED'),
		('ABILITY_MNX_HEAL_NEUTRAL_TERRITORY',				'CLASS_NAVAL_RAIDER'),
		('ABILITY_MNX_HEAL_NEUTRAL_TERRITORY',				'CLASS_NAVAL_CARRIER');


INSERT OR IGNORE INTO RequirementSets
		(RequirementSetId,								RequirementSetType)
VALUES	('REQSR_MNX_PLOT_HAS_WATER',					'REQUIREMENTSET_TEST_ANY'),
		('REQSR_MNX_UNIT_IS_RELIGIOUS',					'REQUIREMENTSET_TEST_ANY'),
		('REQSR_MNX_WATER_ADJACENCY',					'REQUIREMENTSET_TEST_ALL'),
		('REQSR_MNX_UNIT_IS_TRADER',					'REQUIREMENTSET_TEST_ALL'),
		('REQSR_MNX_CITY_HAS_HOLYSITE',					'REQUIREMENTSET_TEST_ALL'),
		('REQSR_MNX_CITY_HAS_HARBOR',					'REQUIREMENTSET_TEST_ALL'),
		('REQSR_MNX_CITY_HAS_COMHUB',					'REQUIREMENTSET_TEST_ALL'),
		('REQSR_MNX_CITY_HAS_CAMPUS',					'REQUIREMENTSET_TEST_ALL'),
		('REQSR_MNX_CITY_HAS_THEATER',					'REQUIREMENTSET_TEST_ALL'),
		('REQSR_MNX_CITY_HAS_INDZONE',					'REQUIREMENTSET_TEST_ALL'),
		('REQSR_MNX_CITY_HAS_GOLD_DISTRICT',			'REQUIREMENTSET_TEST_ANY'),

		('REQSR_MNX_IS_HOLYSITE_HAS_CAMPUS',			'REQUIREMENTSET_TEST_ALL'),
		('REQSR_MNX_IS_HOLYSITE_HAS_THEATER',			'REQUIREMENTSET_TEST_ALL'),
		('REQSR_MNX_IS_HOLYSITE_HAS_GOLD_DISTRICT',		'REQUIREMENTSET_TEST_ALL'),
		('REQSR_MNX_IS_HOLYSITE_HAS_INDZONE',			'REQUIREMENTSET_TEST_ALL'),

		('REQSR_MNX_IS_HARBOR_HAS_CAMPUS',				'REQUIREMENTSET_TEST_ALL'),
		('REQSR_MNX_IS_HARBOR_HAS_THEATER',				'REQUIREMENTSET_TEST_ALL'),
		('REQSR_MNX_IS_HARBOR_HAS_HOLYSITE',			'REQUIREMENTSET_TEST_ALL'),
		('REQSR_MNX_IS_HARBOR_HAS_INDZONE',				'REQUIREMENTSET_TEST_ALL'),

		--('REQSR_MNX_HAS_TECH_SHIPBUILDING',				'REQUIREMENTSET_TEST_ALL'),
		('REQSR_MNX_PLOT_HAS_ADJ_HOLYSITE',				'REQUIREMENTSET_TEST_ALL'),
		('REQSR_MNX_PLOT_HAS_ADJ_HARBOR',				'REQUIREMENTSET_TEST_ALL'),
		('REQSR_MNX_DISTRICT_ADJ_TO_HOLYSITE',			'REQUIREMENTSET_TEST_ALL'),
		('REQSR_MNX_DISTRICT_ADJ_TO_HARBOR',			'REQUIREMENTSET_TEST_ALL');


INSERT OR IGNORE INTO RequirementSetRequirements
		(RequirementSetId,								RequirementId)
VALUES	('REQSR_MNX_PLOT_HAS_WATER',					'REQUIRES_TERRAIN_COAST'),
		('REQSR_MNX_PLOT_HAS_WATER',					'REQUIRES_TERRAIN_OCEAN'),
		('REQSR_MNX_UNIT_IS_RELIGIOUS',					'REQ_MNX_UNIT_IS_MISSIONARY'),
		('REQSR_MNX_UNIT_IS_RELIGIOUS',					'REQ_MNX_UNIT_IS_APOSTLE'),
		('REQSR_MNX_UNIT_IS_RELIGIOUS',					'REQ_MNX_UNIT_IS_INQUISITOR'),
		('REQSR_MNX_WATER_ADJACENCY',					'REQ_MNX_PLOT_HAS_ANY_DISTRICT'),
		('REQSR_MNX_WATER_ADJACENCY',					'REQUIRES_PLOT_IS_ADJACENT_TO_COAST'),
		--('REQSR_MNX_WATER_ADJACENCY',					'REQUIRES_PLOT_HAS_NOT_COAST'), -- I walso want some from water districts
		('REQSR_MNX_UNIT_IS_TRADER',					'REQUIRES_UNIT_IS_TRADER'),
		('REQSR_MNX_CITY_HAS_HOLYSITE',					'REQUIRES_CITY_HAS_HOLY_SITE'),
		('REQSR_MNX_CITY_HAS_HARBOR',					'REQUIRES_CITY_HAS_HARBOR'),
		('REQSR_MNX_CITY_HAS_COMHUB',					'REQUIRES_CITY_HAS_COMMERCIAL_HUB'),
		('REQSR_MNX_CITY_HAS_CAMPUS',					'REQUIRES_CITY_HAS_CAMPUS'),
		('REQSR_MNX_CITY_HAS_THEATER',					'REQUIRES_CITY_HAS_THEATER_DISTRICT'),
		('REQSR_MNX_CITY_HAS_INDZONE',					'REQUIRES_CITY_HAS_INDUSTRIAL_ZONE'),
		('REQSR_MNX_CITY_HAS_GOLD_DISTRICT',			'REQUIRES_CITY_HAS_HARBOR'),
		('REQSR_MNX_CITY_HAS_GOLD_DISTRICT',			'REQUIRES_CITY_HAS_COMMERCIAL_HUB'),

		('REQSR_MNX_IS_HOLYSITE_HAS_CAMPUS',			'REQUIRES_DISTRICT_IS_HOLY_SITE'),
		('REQSR_MNX_IS_HOLYSITE_HAS_CAMPUS',			'REQUIRES_CITY_HAS_CAMPUS'),
		('REQSR_MNX_IS_HOLYSITE_HAS_THEATER',			'REQUIRES_DISTRICT_IS_HOLY_SITE'),
		('REQSR_MNX_IS_HOLYSITE_HAS_THEATER',			'REQUIRES_CITY_HAS_THEATER_DISTRICT'),
		('REQSR_MNX_IS_HOLYSITE_HAS_GOLD_DISTRICT',		'REQUIRES_DISTRICT_IS_HOLY_SITE'),
		('REQSR_MNX_IS_HOLYSITE_HAS_GOLD_DISTRICT',		'REQ_MNX_CITY_HAS_GOLD_DISTRICT'),
		('REQSR_MNX_IS_HOLYSITE_HAS_INDZONE',			'REQUIRES_DISTRICT_IS_HOLY_SITE'),
		('REQSR_MNX_IS_HOLYSITE_HAS_INDZONE',			'REQUIRES_CITY_HAS_INDUSTRIAL_ZONE'),

		('REQSR_MNX_IS_HARBOR_HAS_CAMPUS',				'REQUIRES_DISTRICT_IS_HARBOR'),
		('REQSR_MNX_IS_HARBOR_HAS_CAMPUS',				'REQUIRES_CITY_HAS_CAMPUS'),
		('REQSR_MNX_IS_HARBOR_HAS_THEATER',				'REQUIRES_DISTRICT_IS_HARBOR'),
		('REQSR_MNX_IS_HARBOR_HAS_THEATER',				'REQUIRES_CITY_HAS_THEATER_DISTRICT'),
		('REQSR_MNX_IS_HARBOR_HAS_HOLYSITE',			'REQUIRES_DISTRICT_IS_HARBOR'),
		('REQSR_MNX_IS_HARBOR_HAS_HOLYSITE',			'REQUIRES_CITY_HAS_HOLY_SITE'),
		('REQSR_MNX_IS_HARBOR_HAS_INDZONE',				'REQUIRES_DISTRICT_IS_HARBOR'),
		('REQSR_MNX_IS_HARBOR_HAS_INDZONE',				'REQUIRES_CITY_HAS_INDUSTRIAL_ZONE'),

		--('REQSR_MNX_HAS_TECH_SHIPBUILDING',				'PLAYER_HAS_TECH_SHIPBUILDING'),
		('REQSR_MNX_PLOT_HAS_ADJ_HOLYSITE',				'REQ_MNX_PLOT_ADJ_TO_HOLYSITE'),
		('REQSR_MNX_PLOT_HAS_ADJ_HARBOR',				'REQ_MNX_PLOT_ADJ_TO_HARBOR'),
		('REQSR_MNX_DISTRICT_ADJ_TO_HOLYSITE',			'REQ_MNX_PLOT_ADJ_TO_HOLYSITE'),
		('REQSR_MNX_DISTRICT_ADJ_TO_HOLYSITE',			'REQ_MNX_PLOT_HAS_ANY_DISTRICT'),
		('REQSR_MNX_DISTRICT_ADJ_TO_HARBOR',			'REQ_MNX_PLOT_ADJ_TO_HARBOR'),
		('REQSR_MNX_DISTRICT_ADJ_TO_HARBOR',			'REQ_MNX_PLOT_HAS_ANY_DISTRICT');


INSERT OR IGNORE INTO Requirements
		(RequirementId,									RequirementType)
VALUES	('REQ_MNX_PLOT_HAS_ANY_DISTRICT',				'REQUIREMENT_PLOT_HAS_ANY_DISTRICT'),						
		('REQ_MNX_UNIT_IS_MISSIONARY',					'REQUIREMENT_UNIT_TYPE_MATCHES'),							
		('REQ_MNX_UNIT_IS_APOSTLE',						'REQUIREMENT_UNIT_TYPE_MATCHES'),							
		('REQ_MNX_UNIT_IS_INQUISITOR',					'REQUIREMENT_UNIT_TYPE_MATCHES'),							
		('REQ_MNX_PLOT_ADJ_TO_HARBOR',					'REQUIREMENT_PLOT_ADJACENT_DISTRICT_TYPE_MATCHES'),			
		('REQ_MNX_PLOT_ADJ_TO_HOLYSITE',				'REQUIREMENT_PLOT_ADJACENT_DISTRICT_TYPE_MATCHES'),			
		('REQ_MNX_CITY_HAS_GOLD_DISTRICT',				'REQUIREMENT_REQUIREMENTSET_IS_MET');						

/* -- If I need to invert a condition
INSERT OR IGNORE INTO Requirements
		(RequirementId,									RequirementType,											Inverse)
VALUES	('REQ_MNX_PLOT_HAS_ANY_DISTRICT',				'REQUIREMENT_PLOT_HAS_ANY_DISTRICT',						0),
*/

INSERT OR IGNORE INTO RequirementArguments
		(RequirementId,							Name,						Value)
VALUES	('REQ_MNX_UNIT_IS_MISSIONARY',			'UnitType',					'UNIT_MISSIONARY'),
		('REQ_MNX_UNIT_IS_APOSTLE',				'UnitType',					'UNIT_APOSTLE'),
		('REQ_MNX_UNIT_IS_INQUISITOR',			'UnitType',					'UNIT_INQUISITOR'),
		('REQ_MNX_PLOT_ADJ_TO_HARBOR',			'DistrictType',				'DISTRICT_HARBOR'),
		('REQ_MNX_PLOT_ADJ_TO_HOLYSITE',		'DistrictType',				'DISTRICT_HOLY_SITE'),
		('REQ_MNX_CITY_HAS_GOLD_DISTRICT',		'RequirementSetId',			'REQSR_MNX_CITY_HAS_GOLD_DISTRICT');


/* -- Add modifier to all districts
INSERT OR IGNORE INTO DistrictModifiers
		(DistrictType,			ModifierId)
SELECT	DistrictType,			'MOD_MNX_DIST_FAITH_FROM_ADJ_HOLYSITE' 
FROM Districts;

INSERT OR IGNORE INTO DistrictModifiers
		(DistrictType,			ModifierId)
SELECT	DistrictType,			'MOD_MNX_DIST_GOLD_FROM_ADJ_HARBOR' 
FROM Districts;
*/


INSERT OR IGNORE INTO Modifiers 
		(ModifierId,									ModifierType,													OwnerRequirementSetId)
VALUES -- Great People boosts
		('MOD_MNX_PROPHET_POINTS',						'MODIFIER_PLAYER_ADJUST_GREAT_PERSON_POINTS',					'PLAYER_IS_HUMAN'),
		('MOD_MNX_ADMIRAL_POINTS',						'MODIFIER_PLAYER_ADJUST_GREAT_PERSON_POINTS',					'PLAYER_IS_HUMAN'),
		('MOD_MNX_MERCHANT_POINTS',						'MODIFIER_PLAYER_ADJUST_GREAT_PERSON_POINTS',					'PLAYER_IS_HUMAN'),
		-- Unlock Techs
		('MOD_MNX_SAILING',								'MODIFIER_PLAYER_GRANT_SPECIFIC_TECHNOLOGY',					'PLAYER_IS_HUMAN'),
		('MOD_MNX_SHIPBUILDING',						'MODIFIER_PLAYER_GRANT_SPECIFIC_TECHNOLOGY',					'PLAYER_IS_HUMAN'),
		('MOD_MNX_CEL_NAV',								'MODIFIER_PLAYER_GRANT_SPECIFIC_TECHNOLOGY',					'PLAYER_IS_HUMAN'),
		('MOD_MNX_CARTOGRAPHY',							'MODIFIER_PLAYER_GRANT_SPECIFIC_TECHNOLOGY',					'PLAYER_IS_HUMAN'),
		-- Water unlock
		('MOD_MNX_OCEAN',								'MODIFIER_PLAYER_UNITS_ADJUST_VALID_TERRAIN',					'PLAYER_IS_HUMAN'),
		('MOD_MNX_EMBARK',								'MODIFIER_PLAYER_UNITS_GRANT_ABILITY',							'PLAYER_IS_HUMAN'),
		-- Districts double adjacency
		('MOD_MNX_HOLYSITE_2X_ADJACENCY',				'MODIFIER_PLAYER_CITIES_DISTRICT_ADJACENCY',					'PLAYER_IS_HUMAN'),
		('MOD_MNX_HARBOR_2X_ADJACENCY',					'MODIFIER_PLAYER_CITIES_DISTRICT_ADJACENCY',					'PLAYER_IS_HUMAN'),
		-- Faith Purchase
		('MOD_MNX_FAITH_BUY_BUILDINGS_CITYCENTER',		'MODIFIER_PLAYER_CITIES_ENABLE_BUILDING_FAITH_PURCHASE',		'PLAYER_IS_HUMAN'),
		('MOD_MNX_FAITH_BUY_BUILDINGS_HOLYSITE',		'MODIFIER_PLAYER_CITIES_ENABLE_BUILDING_FAITH_PURCHASE',		'PLAYER_IS_HUMAN'),
		('MOD_MNX_FAITH_BUY_BUILDINGS_HARBOR',			'MODIFIER_PLAYER_CITIES_ENABLE_BUILDING_FAITH_PURCHASE',		'PLAYER_IS_HUMAN'),
		('MOD_MNX_FAITH_BUY_UNITS_CIVILIAN',			'MODIFIER_PLAYER_CITIES_ENABLE_UNIT_FAITH_PURCHASE',			'PLAYER_IS_HUMAN'),

		('MOD_MNX_FAITH_BUY_UNITS_RECON',				'MODIFIER_PLAYER_CITIES_ENABLE_UNIT_FAITH_PURCHASE',			'PLAYER_IS_HUMAN'),
		('MOD_MNX_FAITH_BUY_UNITS_SUPPORT',				'MODIFIER_PLAYER_CITIES_ENABLE_UNIT_FAITH_PURCHASE',			'PLAYER_IS_HUMAN'),
		('MOD_MNX_FAITH_BUY_UNITS_MELEE',				'MODIFIER_PLAYER_CITIES_ENABLE_UNIT_FAITH_PURCHASE',			'PLAYER_IS_HUMAN'),
		('MOD_MNX_FAITH_BUY_UNITS_RANGED',				'MODIFIER_PLAYER_CITIES_ENABLE_UNIT_FAITH_PURCHASE',			'PLAYER_IS_HUMAN'),
		('MOD_MNX_FAITH_BUY_UNITS_SIEGE',				'MODIFIER_PLAYER_CITIES_ENABLE_UNIT_FAITH_PURCHASE',			'PLAYER_IS_HUMAN'),
		('MOD_MNX_FAITH_BUY_UNITS_H_CAVAL',				'MODIFIER_PLAYER_CITIES_ENABLE_UNIT_FAITH_PURCHASE',			'PLAYER_IS_HUMAN'),
		('MOD_MNX_FAITH_BUY_UNITS_L_CAVAL',				'MODIFIER_PLAYER_CITIES_ENABLE_UNIT_FAITH_PURCHASE',			'PLAYER_IS_HUMAN'),
		('MOD_MNX_FAITH_BUY_UNITS_R_CAVAL',				'MODIFIER_PLAYER_CITIES_ENABLE_UNIT_FAITH_PURCHASE',			'PLAYER_IS_HUMAN'),
		('MOD_MNX_FAITH_BUY_UNITS_A_CAVAL',				'MODIFIER_PLAYER_CITIES_ENABLE_UNIT_FAITH_PURCHASE',			'PLAYER_IS_HUMAN'),
		('MOD_MNX_FAITH_BUY_UNITS_H_CHARIOT',			'MODIFIER_PLAYER_CITIES_ENABLE_UNIT_FAITH_PURCHASE',			'PLAYER_IS_HUMAN'),
		('MOD_MNX_FAITH_BUY_UNITS_L_CHARIOT',			'MODIFIER_PLAYER_CITIES_ENABLE_UNIT_FAITH_PURCHASE',			'PLAYER_IS_HUMAN'),

		('MOD_MNX_FAITH_BUY_UNITS_NAV_MELEE',			'MODIFIER_PLAYER_CITIES_ENABLE_UNIT_FAITH_PURCHASE',			'PLAYER_IS_HUMAN'),
		('MOD_MNX_FAITH_BUY_UNITS_NAV_RANGED',			'MODIFIER_PLAYER_CITIES_ENABLE_UNIT_FAITH_PURCHASE',			'PLAYER_IS_HUMAN'),
		('MOD_MNX_FAITH_BUY_UNITS_NAV_RAIDER',			'MODIFIER_PLAYER_CITIES_ENABLE_UNIT_FAITH_PURCHASE',			'PLAYER_IS_HUMAN'),
		('MOD_MNX_FAITH_BUY_UNITS_NAV_CARRIER',			'MODIFIER_PLAYER_CITIES_ENABLE_UNIT_FAITH_PURCHASE',			'PLAYER_IS_HUMAN'),

		('MOD_MNX_FAITH_BUY_UNITS_AIRCRAFT',			'MODIFIER_PLAYER_CITIES_ENABLE_UNIT_FAITH_PURCHASE',			'PLAYER_IS_HUMAN'),
		('MOD_MNX_FAITH_BUY_UNITS_HELICOPTER',			'MODIFIER_PLAYER_CITIES_ENABLE_UNIT_FAITH_PURCHASE',			'PLAYER_IS_HUMAN'),
		-- Unique Units
		('MOD_MNX_UNIQUE_UNIT_DROMON',					'MODIFIER_PLAYER_ADJUST_VALID_UNIT_BUILD',						'PLAYER_IS_HUMAN'),
		-- Units promotions
		('MOD_MNX_APOSTLE_ANY_PROMO',					'MODIFIER_PLAYER_UNIT_GRANT_UNLIMITED_PROMOTION_CHOICES',		'PLAYER_IS_HUMAN'),
		('MOD_MNX_ROCKBAND_ANY_PROMO',					'MODIFIER_PLAYER_UNIT_GRANT_UNLIMITED_PROMOTION_CHOICES',		'PLAYER_IS_HUMAN'),
		('MOD_MNX_SPY_ANY_PROMO',						'MODIFIER_PLAYER_UNIT_GRANT_UNLIMITED_PROMOTION_CHOICES',		'PLAYER_IS_HUMAN'),
		-- Units Abilities
		('MOD_MNX_IGNORE_EMBARK_DISEMBARK_COST',		'MODIFIER_PLAYER_UNITS_GRANT_ABILITY',							'PLAYER_IS_HUMAN'),
		('MOD_MNX_FIGHT_WHILE_EMBARKED',				'MODIFIER_PLAYER_UNITS_GRANT_ABILITY',							'PLAYER_IS_HUMAN'),
		('MOD_MNX_SHIP_HEAL_NEUTRAL',					'MODIFIER_PLAYER_UNITS_GRANT_ABILITY',							'PLAYER_IS_HUMAN'),
		('MOD_MNX_ABIL_IGNORE_EMBARK_DISEMBARK_COST',	'MODIFIER_PLAYER_UNIT_ADJUST_IGNORE_SHORES',					'PLAYER_IS_HUMAN'),
		('MOD_MNX_ABIL_FIGHT_WHILE_EMBARKED',			'MODIFIER_SINGLE_UNIT_ADJUST_FIGHT_WHILE_EMBARKED',				'PLAYER_IS_HUMAN'),
		('MOD_MNX_ABIL_SHIP_HEAL_NEUTRAL',				'MODIFIER_PLAYER_UNIT_ADJUST_HEAL_PER_TURN',					'PLAYER_IS_HUMAN'),
		-- Governor points
		('MOD_MNX_GOV_POINT_1',							'MODIFIER_PLAYER_ADJUST_GOVERNOR_POINTS',						'PLAYER_IS_HUMAN'),
		-- Policy slots
		('MOD_MNX_POL_SLOT_MILIT_1',					'MODIFIER_PLAYER_CULTURE_ADJUST_GOVERNMENT_SLOTS_MODIFIER',		'PLAYER_IS_HUMAN'),
		('MOD_MNX_POL_SLOT_DIPLO_1',					'MODIFIER_PLAYER_CULTURE_ADJUST_GOVERNMENT_SLOTS_MODIFIER',		'PLAYER_IS_HUMAN'),
		('MOD_MNX_POL_SLOT_WILDCARD_1',					'MODIFIER_PLAYER_CULTURE_ADJUST_GOVERNMENT_SLOTS_MODIFIER',		'PLAYER_IS_HUMAN'),
		('MOD_MNX_POL_SLOT_WILDCARD_2',					'MODIFIER_PLAYER_CULTURE_ADJUST_GOVERNMENT_SLOTS_MODIFIER',		'PLAYER_IS_HUMAN');


INSERT OR IGNORE INTO Modifiers 
		(ModifierId,								ModifierType,															OwnerRequirementSetId,		SubjectRequirementSetId)
VALUES	-- Coastal Housing
		('MOD_MNX_COASTAL_HOUSING',					'MODIFIER_PLAYER_CITIES_ADJUST_WATER_HOUSING',							'PLAYER_IS_HUMAN',		'PLOT_IS_COASTAL_LAND_REQUIREMENTS'),
		-- Units promotions
		('MOD_MNX_APOSTLE_PROMO_DEBATER',			'MODIFIER_PLAYER_UNITS_GRANT_PROMOTION',								'PLAYER_IS_HUMAN',		'REQSR_MNX_UNIT_IS_RELIGIOUS'),
		-- Water adjacent districts gain +1	amenity 
		('MOD_MNX_WATER_DISTRICT_AMENITY',			'MODIFIER_PLAYER_DISTRICTS_ADJUST_EXTRA_ENTERTAINMENT',					'PLAYER_IS_HUMAN',		'REQSR_MNX_WATER_ADJACENCY'),
		-- Unique Units
		--('MOD_MNX_UNIQUE_UNIT_DROMON',				'MODIFIER_PLAYER_ADJUST_VALID_UNIT_BUILD',								'PLAYER_IS_HUMAN',		'REQSR_MNX_HAS_TECH_SHIPBUILDING'),
		-- Units Abilities
		('MOD_MNX_WATER_TRADER_PROTECT',			'MODIFIER_PLAYER_UNITS_GRANT_ABILITY',									'PLAYER_IS_HUMAN',		'REQSR_MNX_UNIT_IS_TRADER'),
		-- Districts extra adjacency Yields
		('MOD_MNX_HOLYSITE_ADJ_FOOD',				'MODIFIER_PLAYER_DISTRICTS_ADJUST_YIELD_BASED_ON_ADJACENCY_BONUS',		'PLAYER_IS_HUMAN',		'DISTRICT_IS_HOLY_SITE'),
		('MOD_MNX_HOLYSITE_ADJ_PROD',				'MODIFIER_PLAYER_DISTRICTS_ADJUST_YIELD_BASED_ON_ADJACENCY_BONUS',		'PLAYER_IS_HUMAN',		'DISTRICT_IS_HOLY_SITE'),
		('MOD_MNX_HOLYSITE_ADJ_GOLD_1',				'MODIFIER_PLAYER_DISTRICTS_ADJUST_YIELD_BASED_ON_ADJACENCY_BONUS',		'PLAYER_IS_HUMAN',		'DISTRICT_IS_HOLY_SITE'),
		('MOD_MNX_HOLYSITE_ADJ_GOLD_2',				'MODIFIER_PLAYER_DISTRICTS_ADJUST_YIELD_BASED_ON_ADJACENCY_BONUS',		'PLAYER_IS_HUMAN',		'DISTRICT_IS_HOLY_SITE'),
		('MOD_MNX_HOLYSITE_ADJ_SCI',				'MODIFIER_PLAYER_DISTRICTS_ADJUST_YIELD_BASED_ON_ADJACENCY_BONUS',		'PLAYER_IS_HUMAN',		'DISTRICT_IS_HOLY_SITE'),
		('MOD_MNX_HOLYSITE_ADJ_CULT',				'MODIFIER_PLAYER_DISTRICTS_ADJUST_YIELD_BASED_ON_ADJACENCY_BONUS',		'PLAYER_IS_HUMAN',		'DISTRICT_IS_HOLY_SITE'),
		('MOD_MNX_HARBOR_ADJ_FOOD',					'MODIFIER_PLAYER_DISTRICTS_ADJUST_YIELD_BASED_ON_ADJACENCY_BONUS',		'PLAYER_IS_HUMAN',		'DISTRICT_IS_HARBOR'),
		-- Tiles yields from adjacent Districts
		('MOD_MNX_PLOT_FAITH_FROM_ADJ_HOLYSITE',	'MODIFIER_PLAYER_ADJUST_PLOT_YIELD',									'PLAYER_IS_HUMAN',		'REQSR_MNX_PLOT_HAS_ADJ_HOLYSITE'),
		('MOD_MNX_PLOT_GOLD_FROM_ADJ_HARBOR',		'MODIFIER_PLAYER_ADJUST_PLOT_YIELD',									'PLAYER_IS_HUMAN',		'REQSR_MNX_PLOT_HAS_ADJ_HARBOR'),
		-- Districts yields from adjacent Holy Site or Harbor
		('MOD_MNX_DIST_FAITH_FROM_ADJ_HOLYSITE',	'MODIFIER_PLAYER_DISTRICT_ADJUST_BASE_YIELD_CHANGE',					'PLAYER_IS_HUMAN',		'REQSR_MNX_DISTRICT_ADJ_TO_HOLYSITE'),
		('MOD_MNX_DIST_GOLD_FROM_ADJ_HARBOR',		'MODIFIER_PLAYER_DISTRICT_ADJUST_BASE_YIELD_CHANGE',					'PLAYER_IS_HUMAN',		'REQSR_MNX_DISTRICT_ADJ_TO_HARBOR'),
		-- Holy Site: get yields from other yield producing districts
		('MOD_MNX_HOLYSITE_SCI_FROM_DISTRICTS',		'MODIFIER_PLAYER_DISTRICTS_ADJUST_YIELD_BASED_ON_ADJACENCY_BONUS',		'PLAYER_IS_HUMAN',		'REQSR_MNX_IS_HOLYSITE_HAS_CAMPUS'),
		('MOD_MNX_HOLYSITE_CULT_FROM_DISTRICTS',	'MODIFIER_PLAYER_DISTRICTS_ADJUST_YIELD_BASED_ON_ADJACENCY_BONUS',		'PLAYER_IS_HUMAN',		'REQSR_MNX_IS_HOLYSITE_HAS_THEATER'),
		('MOD_MNX_HOLYSITE_GOLD_FROM_DISTRICTS',	'MODIFIER_PLAYER_DISTRICTS_ADJUST_YIELD_BASED_ON_ADJACENCY_BONUS',		'PLAYER_IS_HUMAN',		'REQSR_MNX_IS_HOLYSITE_HAS_GOLD_DISTRICT'),
		('MOD_MNX_HOLYSITE_PROD_FROM_DISTRICTS',	'MODIFIER_PLAYER_DISTRICTS_ADJUST_YIELD_BASED_ON_ADJACENCY_BONUS',		'PLAYER_IS_HUMAN',		'REQSR_MNX_IS_HOLYSITE_HAS_INDZONE'),
		-- Harbor: get yields from other yield producing districts
		('MOD_MNX_HARBOR_SCI_FROM_DISTRICTS',		'MODIFIER_PLAYER_DISTRICTS_ADJUST_YIELD_BASED_ON_ADJACENCY_BONUS',		'PLAYER_IS_HUMAN',		'REQSR_MNX_IS_HARBOR_HAS_CAMPUS'),
		('MOD_MNX_HARBOR_CULT_FROM_DISTRICTS',		'MODIFIER_PLAYER_DISTRICTS_ADJUST_YIELD_BASED_ON_ADJACENCY_BONUS',		'PLAYER_IS_HUMAN',		'REQSR_MNX_IS_HARBOR_HAS_THEATER'),
		('MOD_MNX_HARBOR_FAITH_FROM_DISTRICTS',		'MODIFIER_PLAYER_DISTRICTS_ADJUST_YIELD_BASED_ON_ADJACENCY_BONUS',		'PLAYER_IS_HUMAN',		'REQSR_MNX_IS_HARBOR_HAS_HOLYSITE'),
		('MOD_MNX_HARBOR_PROD_FROM_DISTRICTS',		'MODIFIER_PLAYER_DISTRICTS_ADJUST_YIELD_BASED_ON_ADJACENCY_BONUS',		'PLAYER_IS_HUMAN',		'REQSR_MNX_IS_HARBOR_HAS_INDZONE'),
		-- Water yields
		('MOD_MNX_WATER_YIELD_FOOD',				'MODIFIER_PLAYER_ADJUST_PLOT_YIELD',									'PLAYER_IS_HUMAN',		'REQSR_MNX_PLOT_HAS_WATER'),
		('MOD_MNX_WATER_YIELD_PROD',				'MODIFIER_PLAYER_ADJUST_PLOT_YIELD',									'PLAYER_IS_HUMAN',		'REQSR_MNX_PLOT_HAS_WATER'),
		('MOD_MNX_WATER_YIELD_GOLD',				'MODIFIER_PLAYER_ADJUST_PLOT_YIELD',									'PLAYER_IS_HUMAN',		'REQSR_MNX_PLOT_HAS_WATER'),
		('MOD_MNX_WATER_YIELD_FAITH',				'MODIFIER_PLAYER_ADJUST_PLOT_YIELD',									'PLAYER_IS_HUMAN',		'REQSR_MNX_PLOT_HAS_WATER'),
		('MOD_MNX_WATER_YIELD_SCI',					'MODIFIER_PLAYER_ADJUST_PLOT_YIELD',									'PLAYER_IS_HUMAN',		'REQSR_MNX_PLOT_HAS_WATER'),
		('MOD_MNX_WATER_YIELD_CULT',				'MODIFIER_PLAYER_ADJUST_PLOT_YIELD',									'PLAYER_IS_HUMAN',		'REQSR_MNX_PLOT_HAS_WATER');


INSERT OR IGNORE INTO ModifierArguments
		(ModifierId,									Name,						Value)
VALUES	-- Great People boosts
		('MOD_MNX_PROPHET_POINTS',						'GreatPersonClassType',		'GREAT_PERSON_CLASS_PROPHET'),
		('MOD_MNX_PROPHET_POINTS',						'Amount',					'10'),
		('MOD_MNX_ADMIRAL_POINTS',						'GreatPersonClassType',		'GREAT_PERSON_CLASS_ADMIRAL'),
		('MOD_MNX_ADMIRAL_POINTS',						'Amount',					'10'),
		('MOD_MNX_MERCHANT_POINTS',						'GreatPersonClassType',		'GREAT_PERSON_CLASS_MERCHANT'),
		('MOD_MNX_MERCHANT_POINTS',						'Amount',					'10'),
		-- Unlock Techs
		('MOD_MNX_SAILING',								'TechType',					'TECH_SAILING'),
		('MOD_MNX_SHIPBUILDING',						'TechType',					'TECH_SHIPBUILDING'),
		('MOD_MNX_CEL_NAV',								'TechType',					'TECH_CELESTIAL_NAVIGATION'),
		('MOD_MNX_CARTOGRAPHY',							'TechType',					'TECH_CARTOGRAPHY'),
		-- Water unlock
		('MOD_MNX_EMBARK',								'AbilityType',				'ABILITY_MANA'),
		('MOD_MNX_OCEAN',								'TerrainType',				'TERRAIN_OCEAN'),
		('MOD_MNX_OCEAN',								'Valid',					'1'),
		-- Districts 2x adjacency
		('MOD_MNX_HOLYSITE_2X_ADJACENCY',				'DistrictType',				'DISTRICT_HOLY_SITE'),
		('MOD_MNX_HOLYSITE_2X_ADJACENCY',				'YieldType',				'YIELD_FAITH'),
		('MOD_MNX_HOLYSITE_2X_ADJACENCY',				'Amount',					'1'),
		('MOD_MNX_HOLYSITE_2X_ADJACENCY',				'TilesRequired',			'2'),
		('MOD_MNX_HARBOR_2X_ADJACENCY',					'DistrictType',				'DISTRICT_HARBOR'),
		('MOD_MNX_HARBOR_2X_ADJACENCY',					'YieldType',				'YIELD_GOLD'),
		('MOD_MNX_HARBOR_2X_ADJACENCY',					'Amount',					'1'),
		('MOD_MNX_HARBOR_2X_ADJACENCY',					'TilesRequired',			'2'),
		-- Faith Purchase
		('MOD_MNX_FAITH_BUY_BUILDINGS_CITYCENTER',		'DistrictType',				'DISTRICT_CITY_CENTER'),
		('MOD_MNX_FAITH_BUY_BUILDINGS_HOLYSITE',		'DistrictType',				'DISTRICT_HOLY_SITE'),
		('MOD_MNX_FAITH_BUY_BUILDINGS_HARBOR',			'DistrictType',				'DISTRICT_HARBOR'),
		('MOD_MNX_FAITH_BUY_UNITS_CIVILIAN',			'Tag',						'CLASS_LANDCIVILIAN'),

		('MOD_MNX_FAITH_BUY_UNITS_RECON',				'Tag',						'CLASS_RECON'),
		('MOD_MNX_FAITH_BUY_UNITS_SUPPORT',				'Tag',						'CLASS_SUPPORT'),
		('MOD_MNX_FAITH_BUY_UNITS_MELEE',				'Tag',						'CLASS_MELEE'),
		('MOD_MNX_FAITH_BUY_UNITS_RANGED',				'Tag',						'CLASS_RANGED'),
		('MOD_MNX_FAITH_BUY_UNITS_SIEGE',				'Tag',						'CLASS_SIEGE'),
		('MOD_MNX_FAITH_BUY_UNITS_H_CAVAL',				'Tag',						'CLASS_HEAVY_CAVALRY'),
		('MOD_MNX_FAITH_BUY_UNITS_L_CAVAL',				'Tag',						'CLASS_LIGHT_CAVALRY'),
		('MOD_MNX_FAITH_BUY_UNITS_R_CAVAL',				'Tag',						'CLASS_RANGED_CAVALRY'),
		('MOD_MNX_FAITH_BUY_UNITS_A_CAVAL',				'Tag',						'CLASS_ANTI_CAVALRY'),
		('MOD_MNX_FAITH_BUY_UNITS_H_CHARIOT',			'Tag',						'CLASS_HEAVY_CHARIOT'),
		('MOD_MNX_FAITH_BUY_UNITS_L_CHARIOT',			'Tag',						'CLASS_LIGHT_CHARIOT'),

		('MOD_MNX_FAITH_BUY_UNITS_NAV_MELEE',			'Tag',						'CLASS_NAVAL_MELEE'),
		('MOD_MNX_FAITH_BUY_UNITS_NAV_RANGED',			'Tag',						'CLASS_NAVAL_RANGED'),
		('MOD_MNX_FAITH_BUY_UNITS_NAV_RAIDER',			'Tag',						'CLASS_NAVAL_RAIDER'),
		('MOD_MNX_FAITH_BUY_UNITS_NAV_CARRIER',			'Tag',						'CLASS_NAVAL_CARRIER'),
		
		('MOD_MNX_FAITH_BUY_UNITS_AIRCRAFT',			'Tag',						'CLASS_AIRCRAFT'),
		('MOD_MNX_FAITH_BUY_UNITS_HELICOPTER',			'Tag',						'CLASS_HELICOPTER'),

		-- Unique Units
		('MOD_MNX_UNIQUE_UNIT_DROMON',					'UnitType',					'UNIT_BYZANTINE_DROMON'),
		-- Units promotions
		('MOD_MNX_APOSTLE_PROMO_DEBATER',				'PromotionType',			'PROMOTION_DEBATER'),
		('MOD_MNX_APOSTLE_ANY_PROMO',					'UnitType',					'UNIT_APOSTLE'),
		('MOD_MNX_ROCKBAND_ANY_PROMO',					'UnitType',					'UNIT_ROCK_BAND'),
		('MOD_MNX_SPY_ANY_PROMO',						'UnitType',					'UNIT_SPY'),
		-- Units Abilities
		('MOD_MNX_WATER_TRADER_PROTECT',				'AbilityType',				'ABILITY_TRADE_ROUTE_PLUNDER_IMMUNITY_SEA'),
		('MOD_MNX_IGNORE_EMBARK_DISEMBARK_COST',		'AbilityType',				'ABILITY_MNX_IGNORE_EMBARK_DISEMBARK_COST'),
		('MOD_MNX_FIGHT_WHILE_EMBARKED',				'AbilityType',				'ABILITY_MNX_FIGHT_WHILE_EMBARKED'),
		('MOD_MNX_SHIP_HEAL_NEUTRAL',					'AbilityType',				'ABILITY_MNX_HEAL_NEUTRAL_TERRITORY'),
		('MOD_MNX_ABIL_IGNORE_EMBARK_DISEMBARK_COST',	'Ignore',					'1'),
		('MOD_MNX_ABIL_FIGHT_WHILE_EMBARKED',			'CanFight',					'1'),
		('MOD_MNX_ABIL_SHIP_HEAL_NEUTRAL',				'Type',						'NEUTRAL'),
		('MOD_MNX_ABIL_SHIP_HEAL_NEUTRAL',				'Amount',					'10'),
		-- Water adjacent districts gain +1 amenity 
		('MOD_MNX_WATER_DISTRICT_AMENITY',				'Amount',					'1'),
		-- Holy Site extra adjacency Yields
		('MOD_MNX_HOLYSITE_ADJ_FOOD',					'YieldTypeToGrant',			'YIELD_FOOD'),
		('MOD_MNX_HOLYSITE_ADJ_FOOD',					'YieldTypeToMirror',		'YIELD_FAITH'),
		('MOD_MNX_HOLYSITE_ADJ_PROD',					'YieldTypeToGrant',			'YIELD_PRODUCTION'),
		('MOD_MNX_HOLYSITE_ADJ_PROD',					'YieldTypeToMirror',		'YIELD_FAITH'),
		('MOD_MNX_HOLYSITE_ADJ_GOLD_1',					'YieldTypeToGrant',			'YIELD_GOLD'),
		('MOD_MNX_HOLYSITE_ADJ_GOLD_1',					'YieldTypeToMirror',		'YIELD_FAITH'),
		('MOD_MNX_HOLYSITE_ADJ_GOLD_2',					'YieldTypeToGrant',			'YIELD_GOLD'),
		('MOD_MNX_HOLYSITE_ADJ_GOLD_2',					'YieldTypeToMirror',		'YIELD_FAITH'),
		('MOD_MNX_HOLYSITE_ADJ_SCI',					'YieldTypeToGrant',			'YIELD_SCIENCE'),
		('MOD_MNX_HOLYSITE_ADJ_SCI',					'YieldTypeToMirror',		'YIELD_FAITH'),
		('MOD_MNX_HOLYSITE_ADJ_CULT',					'YieldTypeToGrant',			'YIELD_CULTURE'),
		('MOD_MNX_HOLYSITE_ADJ_CULT',					'YieldTypeToMirror',		'YIELD_FAITH'),
		('MOD_MNX_HARBOR_ADJ_FOOD',						'YieldTypeToGrant',			'YIELD_FOOD'),
		('MOD_MNX_HARBOR_ADJ_FOOD',						'YieldTypeToMirror',		'YIELD_GOLD'),
		-- Tiles yeilds from adjacent Holy Site or Harbor
		('MOD_MNX_PLOT_FAITH_FROM_ADJ_HOLYSITE',		'YieldType',				'YIELD_FAITH'),
		('MOD_MNX_PLOT_FAITH_FROM_ADJ_HOLYSITE',		'Amount',					'2'),
		('MOD_MNX_PLOT_GOLD_FROM_ADJ_HARBOR',			'YieldType',				'YIELD_GOLD'),
		('MOD_MNX_PLOT_GOLD_FROM_ADJ_HARBOR',			'Amount',					'2'),
		-- Districts yields from adjacent Holy Site or Harbor
		('MOD_MNX_DIST_FAITH_FROM_ADJ_HOLYSITE',		'YieldType',				'YIELD_FAITH'),
		('MOD_MNX_DIST_FAITH_FROM_ADJ_HOLYSITE',		'Amount',					'2'),
		('MOD_MNX_DIST_GOLD_FROM_ADJ_HARBOR',			'YieldType',				'YIELD_GOLD'),
		('MOD_MNX_DIST_GOLD_FROM_ADJ_HARBOR',			'Amount',					'2'),
		-- Holy Site: get yields from other yield producing districts
		('MOD_MNX_HOLYSITE_SCI_FROM_DISTRICTS',			'YieldTypeToGrant',			'YIELD_SCIENCE'),
		('MOD_MNX_HOLYSITE_SCI_FROM_DISTRICTS',			'YieldTypeToMirror',		'YIELD_FAITH'),
		('MOD_MNX_HOLYSITE_CULT_FROM_DISTRICTS',		'YieldTypeToGrant',			'YIELD_CULTURE'),
		('MOD_MNX_HOLYSITE_CULT_FROM_DISTRICTS',		'YieldTypeToMirror',		'YIELD_FAITH'),
		('MOD_MNX_HOLYSITE_GOLD_FROM_DISTRICTS',		'YieldTypeToGrant',			'YIELD_GOLD'),
		('MOD_MNX_HOLYSITE_GOLD_FROM_DISTRICTS',		'YieldTypeToMirror',		'YIELD_FAITH'),
		('MOD_MNX_HOLYSITE_PROD_FROM_DISTRICTS',		'YieldTypeToGrant',			'YIELD_PRODUCTION'),
		('MOD_MNX_HOLYSITE_PROD_FROM_DISTRICTS',		'YieldTypeToMirror',		'YIELD_FAITH'),
		-- Harbor: get yields from other yield producing districts
		('MOD_MNX_HARBOR_SCI_FROM_DISTRICTS',			'YieldTypeToGrant',			'YIELD_SCIENCE'),
		('MOD_MNX_HARBOR_SCI_FROM_DISTRICTS',			'YieldTypeToMirror',		'YIELD_GOLD'),
		('MOD_MNX_HARBOR_CULT_FROM_DISTRICTS',			'YieldTypeToGrant',			'YIELD_CULTURE'),
		('MOD_MNX_HARBOR_CULT_FROM_DISTRICTS',			'YieldTypeToMirror',		'YIELD_GOLD'),
		('MOD_MNX_HARBOR_FAITH_FROM_DISTRICTS',			'YieldTypeToGrant',			'YIELD_FAITH'),
		('MOD_MNX_HARBOR_FAITH_FROM_DISTRICTS',			'YieldTypeToMirror',		'YIELD_GOLD'),
		('MOD_MNX_HARBOR_PROD_FROM_DISTRICTS',			'YieldTypeToGrant',			'YIELD_PRODUCTION'),
		('MOD_MNX_HARBOR_PROD_FROM_DISTRICTS',			'YieldTypeToMirror',		'YIELD_GOLD'),	
		-- Water yields
		('MOD_MNX_WATER_YIELD_FOOD',					'YieldType',				'YIELD_FOOD'),
		('MOD_MNX_WATER_YIELD_FOOD',					'Amount',					'1'),
		('MOD_MNX_WATER_YIELD_PROD',					'YieldType',				'YIELD_PRODUCTION'),
		('MOD_MNX_WATER_YIELD_PROD',					'Amount',					'1'),
		('MOD_MNX_WATER_YIELD_GOLD',					'YieldType',				'YIELD_GOLD'),
		('MOD_MNX_WATER_YIELD_GOLD',					'Amount',					'1'),
		('MOD_MNX_WATER_YIELD_FAITH',					'YieldType',				'YIELD_FAITH'),
		('MOD_MNX_WATER_YIELD_FAITH',					'Amount',					'1'),
		('MOD_MNX_WATER_YIELD_SCI',						'YieldType',				'YIELD_SCIENCE'),
		('MOD_MNX_WATER_YIELD_SCI',						'Amount',					'1'),
		('MOD_MNX_WATER_YIELD_CULT',					'YieldType',				'YIELD_CULTURE'),
		('MOD_MNX_WATER_YIELD_CULT',					'Amount',					'1'),
		-- Governor points
		('MOD_MNX_GOV_POINT_1',							'Delta',					'10'),
		-- Policy slots
		('MOD_MNX_POL_SLOT_MILIT_1',					'GovernmentSlotType',		'SLOT_MILITARY'),
		('MOD_MNX_POL_SLOT_DIPLO_1',					'GovernmentSlotType',		'SLOT_DIPLOMATIC'),
		('MOD_MNX_POL_SLOT_WILDCARD_1',					'GovernmentSlotType',		'SLOT_WILDCARD'),
		('MOD_MNX_POL_SLOT_WILDCARD_2',					'GovernmentSlotType',		'SLOT_WILDCARD'),
		-- Coastal Housing
		('MOD_MNX_COASTAL_HOUSING',						'Amount',					'3');


/*
-- All HS buildings can be purchased with Gold
UPDATE Buildings SET PurchaseYield = "YIELD_GOLD" WHERE PrereqDistrict = "DISTRICT_HOLY_SITE" AND PurchaseYield = "YIELD_FAITH" ;


REPLACE INTO Districts
		(DistrictType,				CanAttack,			ZOC,		HitPoints,		PlunderType,		PlunderAmount,		CityStrengthModifier)	
VALUES
		('DISTRICT_HOLY_SITE',		'1',				'1',		'100',			'NO_PLUNDER',		'0',				'2');

REPLACE INTO Districts_XP2
		(DistrictType,      		 AttackRange)	
VALUES
		('DISTRICT_HOLY_SITE',		'2');
*/

INSERT OR IGNORE INTO TraitModifiers 
		(TraitType,					ModifierId) 
VALUES	-- Great People boosts
		('TRAIT_LEADER_MAJOR_CIV', 'MOD_MNX_PROPHET_POINTS'),
		('TRAIT_LEADER_MAJOR_CIV', 'MOD_MNX_ADMIRAL_POINTS'),
		('TRAIT_LEADER_MAJOR_CIV', 'MOD_MNX_MERCHANT_POINTS'),
		-- Unlock Techs
		--('TRAIT_LEADER_MAJOR_CIV', 'MOD_MNX_SAILING'),
		--('TRAIT_LEADER_MAJOR_CIV', 'MOD_MNX_SHIPBUILDING'),
		--('TRAIT_LEADER_MAJOR_CIV', 'MOD_MNX_CEL_NAV'),
		--('TRAIT_LEADER_MAJOR_CIV', 'MOD_MNX_CARTOGRAPHY'),
		-- Water unlock
		('TRAIT_LEADER_MAJOR_CIV', 'MOD_MNX_EMBARK'),
		('TRAIT_LEADER_MAJOR_CIV', 'MOD_MNX_OCEAN'),
		-- Districts 2x adjacency
		('TRAIT_LEADER_MAJOR_CIV', 'MOD_MNX_HOLYSITE_2X_ADJACENCY'),
		('TRAIT_LEADER_MAJOR_CIV', 'MOD_MNX_HARBOR_2X_ADJACENCY'),
		-- Faith Purchase
		('TRAIT_LEADER_MAJOR_CIV', 'MOD_MNX_FAITH_BUY_BUILDINGS_CITYCENTER'),
		('TRAIT_LEADER_MAJOR_CIV', 'MOD_MNX_FAITH_BUY_BUILDINGS_HOLYSITE'),
		('TRAIT_LEADER_MAJOR_CIV', 'MOD_MNX_FAITH_BUY_BUILDINGS_HARBOR'),
		('TRAIT_LEADER_MAJOR_CIV', 'MOD_MNX_FAITH_BUY_UNITS_CIVILIAN'),

		('TRAIT_LEADER_MAJOR_CIV', 'MOD_MNX_FAITH_BUY_UNITS_RECON'),
		('TRAIT_LEADER_MAJOR_CIV', 'MOD_MNX_FAITH_BUY_UNITS_SUPPORT'),
		('TRAIT_LEADER_MAJOR_CIV', 'MOD_MNX_FAITH_BUY_UNITS_MELEE'),
		('TRAIT_LEADER_MAJOR_CIV', 'MOD_MNX_FAITH_BUY_UNITS_RANGED'),
		('TRAIT_LEADER_MAJOR_CIV', 'MOD_MNX_FAITH_BUY_UNITS_SIEGE'),
		('TRAIT_LEADER_MAJOR_CIV', 'MOD_MNX_FAITH_BUY_UNITS_H_CAVAL'),
		('TRAIT_LEADER_MAJOR_CIV', 'MOD_MNX_FAITH_BUY_UNITS_L_CAVAL'),
		('TRAIT_LEADER_MAJOR_CIV', 'MOD_MNX_FAITH_BUY_UNITS_R_CAVAL'),
		('TRAIT_LEADER_MAJOR_CIV', 'MOD_MNX_FAITH_BUY_UNITS_A_CAVAL'),
		('TRAIT_LEADER_MAJOR_CIV', 'MOD_MNX_FAITH_BUY_UNITS_H_CHARIOT'),
		('TRAIT_LEADER_MAJOR_CIV', 'MOD_MNX_FAITH_BUY_UNITS_L_CHARIOT'),

		('TRAIT_LEADER_MAJOR_CIV', 'MOD_MNX_FAITH_BUY_UNITS_NAV_MELEE'),
		('TRAIT_LEADER_MAJOR_CIV', 'MOD_MNX_FAITH_BUY_UNITS_NAV_RANGED'),
		('TRAIT_LEADER_MAJOR_CIV', 'MOD_MNX_FAITH_BUY_UNITS_NAV_RAIDER'),
		('TRAIT_LEADER_MAJOR_CIV', 'MOD_MNX_FAITH_BUY_UNITS_NAV_CARRIER'),

		('TRAIT_LEADER_MAJOR_CIV', 'MOD_MNX_FAITH_BUY_UNITS_AIRCRAFT'),
		('TRAIT_LEADER_MAJOR_CIV', 'MOD_MNX_FAITH_BUY_UNITS_HELICOPTER'),

		-- Unique Units
		--('TRAIT_LEADER_MAJOR_CIV', 'MOD_MNX_UNIQUE_UNIT_DROMON'),
		-- Units promotions
		('TRAIT_LEADER_MAJOR_CIV', 'MOD_MNX_APOSTLE_PROMO_DEBATER'),
		('TRAIT_LEADER_MAJOR_CIV', 'MOD_MNX_APOSTLE_ANY_PROMO'),
		('TRAIT_LEADER_MAJOR_CIV', 'MOD_MNX_ROCKBAND_ANY_PROMO'),
		('TRAIT_LEADER_MAJOR_CIV', 'MOD_MNX_SPY_ANY_PROMO'),
		-- Units Abilities
		('TRAIT_LEADER_MAJOR_CIV', 'MOD_MNX_IGNORE_EMBARK_DISEMBARK_COST'),
		('TRAIT_LEADER_MAJOR_CIV', 'MOD_MNX_FIGHT_WHILE_EMBARKED'),		
		('TRAIT_LEADER_MAJOR_CIV', 'MOD_MNX_SHIP_HEAL_NEUTRAL'),
		('TRAIT_LEADER_MAJOR_CIV', 'MOD_MNX_WATER_TRADER_PROTECT'),		
		-- Water adjacent districts gain +1 amenity 
		('TRAIT_LEADER_MAJOR_CIV', 'MOD_MNX_WATER_DISTRICT_AMENITY'),
		-- Holy Site and Harbor extra adjacency Yields
		('TRAIT_LEADER_MAJOR_CIV', 'MOD_MNX_HOLYSITE_ADJ_FOOD'),
		('TRAIT_LEADER_MAJOR_CIV', 'MOD_MNX_HARBOR_ADJ_FOOD'),
		--('TRAIT_LEADER_MAJOR_CIV', 'MOD_MNX_HOLYSITE_ADJ_PROD'),
		--('TRAIT_LEADER_MAJOR_CIV', 'MOD_MNX_HOLYSITE_ADJ_GOLD_1'),
		--('TRAIT_LEADER_MAJOR_CIV', 'MOD_MNX_HOLYSITE_ADJ_GOLD_2'),
		--('TRAIT_LEADER_MAJOR_CIV', 'MOD_MNX_HOLYSITE_ADJ_SCI'),
		--('TRAIT_LEADER_MAJOR_CIV', 'MOD_MNX_HOLYSITE_ADJ_CULT'),

		-- Tiles yeilds from adjacent Districts
		--('TRAIT_LEADER_MAJOR_CIV', 'MOD_MNX_PLOT_FAITH_FROM_ADJ_HOLYSITE'),	
		--('TRAIT_LEADER_MAJOR_CIV', 'MOD_MNX_PLOT_GOLD_FROM_ADJ_HARBOR'),
		/*
		-- Holy Site: get yields from other yield producing districts
		('TRAIT_LEADER_MAJOR_CIV', 'MOD_MNX_HOLYSITE_SCI_FROM_DISTRICTS'),
		('TRAIT_LEADER_MAJOR_CIV', 'MOD_MNX_HOLYSITE_CULT_FROM_DISTRICTS'),
		('TRAIT_LEADER_MAJOR_CIV', 'MOD_MNX_HOLYSITE_GOLD_FROM_DISTRICTS'),
		('TRAIT_LEADER_MAJOR_CIV', 'MOD_MNX_HOLYSITE_PROD_FROM_DISTRICTS'),
		-- Harbor: get yields from other yield producing districts
		('TRAIT_LEADER_MAJOR_CIV', 'MOD_MNX_HARBOR_SCI_FROM_DISTRICTS'),
		('TRAIT_LEADER_MAJOR_CIV', 'MOD_MNX_HARBOR_CULT_FROM_DISTRICTS'),
		('TRAIT_LEADER_MAJOR_CIV', 'MOD_MNX_HARBOR_FAITH_FROM_DISTRICTS'),
		('TRAIT_LEADER_MAJOR_CIV', 'MOD_MNX_HARBOR_PROD_FROM_DISTRICTS'),
		*/
		-- Water yields
		('TRAIT_LEADER_MAJOR_CIV', 'MOD_MNX_WATER_YIELD_FOOD'),
		('TRAIT_LEADER_MAJOR_CIV', 'MOD_MNX_WATER_YIELD_PROD'),
		('TRAIT_LEADER_MAJOR_CIV', 'MOD_MNX_WATER_YIELD_GOLD'),
		('TRAIT_LEADER_MAJOR_CIV', 'MOD_MNX_WATER_YIELD_FAITH'),
		('TRAIT_LEADER_MAJOR_CIV', 'MOD_MNX_WATER_YIELD_SCI'),
		('TRAIT_LEADER_MAJOR_CIV', 'MOD_MNX_WATER_YIELD_CULT'),
		-- Coastal Housing
		('TRAIT_LEADER_MAJOR_CIV', 'MOD_MNX_COASTAL_HOUSING'),
		-- Governor points
		('TRAIT_LEADER_MAJOR_CIV', 'MOD_MNX_GOV_POINT_1'),
		-- Policy slots
		('TRAIT_LEADER_MAJOR_CIV', 'MOD_MNX_POL_SLOT_MILIT_1'),
		--('TRAIT_LEADER_MAJOR_CIV', 'MOD_MNX_POL_SLOT_DIPLO_1'),
		('TRAIT_LEADER_MAJOR_CIV', 'MOD_MNX_POL_SLOT_WILDCARD_1'),
		('TRAIT_LEADER_MAJOR_CIV', 'MOD_MNX_POL_SLOT_WILDCARD_2');

		