-- Abilities
-- Author: manux
-- DateCreated: 3/8/2024 11:19:57 PM
--------------------------------------------------------------

/*
INSERT OR IGNORE INTO DynamicModifiers 
		(ModifierType,							CollectionType,				EffectType)
VALUES	('MOD_MNX_OWNER_ATTACH_MODIFIER', 		'COLLECTION_OWNER', 		'EFFECT_ATTACH_MODIFIER');
*/

INSERT OR IGNORE INTO Types
		(Type,												Kind)
VALUES	--('MOD_MNX_OWNER_ATTACH_MODIFIER',					'KIND_MODIFIER'),
		('ABILITY_MNX_ALL_MOVEMENT_1',						'KIND_ABILITY'),
		('ABILITY_MNX_LAND_UNITS_MOVEMENT_1',				'KIND_ABILITY'),

		('ABILITY_MNX_SEA_MOVEMENT_1',						'KIND_ABILITY'),
		('ABILITY_MNX_SEA_MOVEMENT_2',						'KIND_ABILITY'),
		('ABILITY_MNX_SEA_MOVEMENT_3',						'KIND_ABILITY'),
		('ABILITY_MNX_SEA_MOVEMENT_4',						'KIND_ABILITY'),

		('ABILITY_MNX_EMBARK_MOVEMENT_1',					'KIND_ABILITY'),
		('ABILITY_MNX_EMBARK_MOVEMENT_2',					'KIND_ABILITY'),
		('ABILITY_MNX_EMBARK_MOVEMENT_3',					'KIND_ABILITY'),
		('ABILITY_MNX_EMBARK_MOVEMENT_4',					'KIND_ABILITY'),

		('ABILITY_MNX_RECON_MOVEMENT',						'KIND_ABILITY'),
		('ABILITY_MNX_RECON_EMBARK_MOVEMENT',				'KIND_ABILITY'),
		('ABILITY_MNX_RECON_COMBAT',						'KIND_ABILITY'),
		('ABILITY_MNX_RECON_SIGHT',							'KIND_ABILITY'),

		('ABILITY_MNX_IGNORE_EMBARK_DISEMBARK_COST',		'KIND_ABILITY'),
		('ABILITY_MNX_FIGHT_WHILE_EMBARKED',				'KIND_ABILITY'),
		('ABILITY_MNX_HEAL_NEUTRAL_TERRITORY',				'KIND_ABILITY'),
		
		('ABILITY_MNX_COMBAT_STRENGTH_HAS_RELIGION',		'KIND_ABILITY'),

		('ABILITY_MNX_SEA_STRENGTH_1',						'KIND_ABILITY'),
		('ABILITY_MNX_SEA_STRENGTH_2',						'KIND_ABILITY'),
		('ABILITY_MNX_SEA_STRENGTH_3',						'KIND_ABILITY'),
		('ABILITY_MNX_SEA_STRENGTH_4',						'KIND_ABILITY'),

		('ABILITY_MNX_RELIGIOUS_STRENGTH_1',				'KIND_ABILITY'),
		('ABILITY_MNX_RELIGIOUS_STRENGTH_2',				'KIND_ABILITY');


INSERT OR IGNORE INTO UnitAbilities
		(UnitAbilityType,								Inactive,	Description)
VALUES	('ABILITY_MNX_ALL_MOVEMENT_1',					1,			'(GOTS) +1 [ICON_Movement] Movement to all Units.'),
		('ABILITY_MNX_LAND_UNITS_MOVEMENT_1',			1,			'(GOTS) +1 [ICON_Movement] Movement to all Land Units.'),

		('ABILITY_MNX_EMBARK_MOVEMENT_1',				1,			'(GOTS) +2 [ICON_Movement] Embarked Movement for each GOTS level.'),
		('ABILITY_MNX_EMBARK_MOVEMENT_2',				1,			NULL),
		('ABILITY_MNX_EMBARK_MOVEMENT_3',				1,			NULL),
		('ABILITY_MNX_EMBARK_MOVEMENT_4',				1,			NULL),

		('ABILITY_MNX_SEA_MOVEMENT_1',					1,			'(GOTS) +2 [ICON_Movement] Movement for each GOTS level.'),
		('ABILITY_MNX_SEA_MOVEMENT_2',					1,			NULL),
		('ABILITY_MNX_SEA_MOVEMENT_3',					1,			NULL),
		('ABILITY_MNX_SEA_MOVEMENT_4',					1,			NULL),

		('ABILITY_MNX_RECON_MOVEMENT',					1,			'(GOTS) +3 [ICON_Movement] Movement.'),
		('ABILITY_MNX_RECON_EMBARK_MOVEMENT',			1,			'(GOTS) +4 [ICON_Movement] Embarked Movement. Additional +2 [ICON_Movement] for each following GOTS level.'),
		('ABILITY_MNX_RECON_COMBAT',					1,			'(GOTS) +15 [ICON_Strength] Combat Strength.'),
		('ABILITY_MNX_RECON_SIGHT',						1,			'(GOTS) +4 Sight Range when Embarked.'),
		
		('ABILITY_MNX_IGNORE_EMBARK_DISEMBARK_COST',	1,			'(GOTS) Ignores embark and disembark movement cost.'),
		('ABILITY_MNX_FIGHT_WHILE_EMBARKED',			1,			'(GOTS) Can fight while embarked.'),
		('ABILITY_MNX_HEAL_NEUTRAL_TERRITORY',			1,			'(GOTS) Can heal in neutral territory.'),

		('ABILITY_MNX_COMBAT_STRENGTH_HAS_RELIGION',	1,			'(GOTS) +5 [ICON_Strength] Combat Strength when a Religion is founded.'),

		('ABILITY_MNX_SEA_STRENGTH_1',					1,			'(GOTS) +3 [ICON_Strength] Combat Strength for each GOTS level.'),
		('ABILITY_MNX_SEA_STRENGTH_2',					1,			NULL),
		('ABILITY_MNX_SEA_STRENGTH_3',					1,			NULL),
		('ABILITY_MNX_SEA_STRENGTH_4',					1,			NULL),

		('ABILITY_MNX_RELIGIOUS_STRENGTH_1',			1,			'(GOTS) +5 [ICON_Religion] Religious Strength in Theological Combat for the first 2 GOTS levels.'),
		('ABILITY_MNX_RELIGIOUS_STRENGTH_2',			1,			NULL);


INSERT OR IGNORE INTO UnitAbilityModifiers
		(UnitAbilityType,									ModifierId)
VALUES	('ABILITY_MNX_ALL_MOVEMENT_1',						'MOD_MNX_ABIL_ALL_MOVEMENT_1'),
		('ABILITY_MNX_LAND_UNITS_MOVEMENT_1',				'MOD_MNX_ABIL_LAND_UNITS_MOVEMENT_1'),
		
		('ABILITY_MNX_EMBARK_MOVEMENT_1',					'MOD_MNX_ABIL_EMBARK_MOVEMENT_1'),
		('ABILITY_MNX_EMBARK_MOVEMENT_2',					'MOD_MNX_ABIL_EMBARK_MOVEMENT_2'),
		('ABILITY_MNX_EMBARK_MOVEMENT_3',					'MOD_MNX_ABIL_EMBARK_MOVEMENT_3'),
		('ABILITY_MNX_EMBARK_MOVEMENT_4',					'MOD_MNX_ABIL_EMBARK_MOVEMENT_4'),
		
		('ABILITY_MNX_SEA_MOVEMENT_1',						'MOD_MNX_ABIL_SEA_MOVEMENT_1'),
		('ABILITY_MNX_SEA_MOVEMENT_2',						'MOD_MNX_ABIL_SEA_MOVEMENT_2'),
		('ABILITY_MNX_SEA_MOVEMENT_3',						'MOD_MNX_ABIL_SEA_MOVEMENT_3'),
		('ABILITY_MNX_SEA_MOVEMENT_4',						'MOD_MNX_ABIL_SEA_MOVEMENT_4'),

		('ABILITY_MNX_RECON_MOVEMENT',						'MOD_MNX_ABIL_RECON_MOVEMENT'),
		('ABILITY_MNX_RECON_EMBARK_MOVEMENT',				'MOD_MNX_ABIL_RECON_EMBARK_MOVEMENT'),
		('ABILITY_MNX_RECON_COMBAT',						'MOD_MNX_ABIL_RECON_COMBAT'),
		('ABILITY_MNX_RECON_SIGHT',							'MOD_MNX_ABIL_RECON_SIGHT'),
		
		('ABILITY_MNX_IGNORE_EMBARK_DISEMBARK_COST',		'MOD_MNX_ABIL_IGNORE_EMBARK_DISEMBARK_COST'),
		('ABILITY_MNX_FIGHT_WHILE_EMBARKED',				'MOD_MNX_ABIL_FIGHT_WHILE_EMBARKED'),
		('ABILITY_MNX_HEAL_NEUTRAL_TERRITORY',				'MOD_MNX_ABIL_SHIP_HEAL_NEUTRAL'),

		('ABILITY_MNX_COMBAT_STRENGTH_HAS_RELIGION',		'MOD_MNX_ABIL_COMBAT_STRENGTH_HAS_RELIGION'),

		('ABILITY_MNX_SEA_STRENGTH_1',						'MOD_MNX_ABIL_SEA_STRENGTH_1'),
		('ABILITY_MNX_SEA_STRENGTH_2',						'MOD_MNX_ABIL_SEA_STRENGTH_2'),
		('ABILITY_MNX_SEA_STRENGTH_3',						'MOD_MNX_ABIL_SEA_STRENGTH_3'),
		('ABILITY_MNX_SEA_STRENGTH_4',						'MOD_MNX_ABIL_SEA_STRENGTH_4'),

		('ABILITY_MNX_RELIGIOUS_STRENGTH_1',				'MOD_MNX_ABIL_RELIGIOUS_STRENGTH_1'),
		('ABILITY_MNX_RELIGIOUS_STRENGTH_2',				'MOD_MNX_ABIL_RELIGIOUS_STRENGTH_2');


INSERT OR IGNORE INTO TypeTags
		(Type,												Tag)
VALUES	('ABILITY_MNX_COMBAT_STRENGTH_HAS_RELIGION',		'CLASS_ALL_COMBAT_UNITS'),

		('ABILITY_MNX_RELIGIOUS_STRENGTH_1',				'CLASS_RELIGIOUS_ALL'),
		('ABILITY_MNX_RELIGIOUS_STRENGTH_2',				'CLASS_RELIGIOUS_ALL'),
		
		('ABILITY_MNX_ALL_MOVEMENT_1',						'CLASS_ALL_UNITS'),

		('ABILITY_MNX_RECON_MOVEMENT',						'CLASS_RECON'),
		('ABILITY_MNX_RECON_EMBARK_MOVEMENT',				'CLASS_RECON'),
		('ABILITY_MNX_RECON_COMBAT',						'CLASS_RECON'),
		('ABILITY_MNX_RECON_SIGHT',							'CLASS_RECON'),

		('ABILITY_MNX_LAND_UNITS_MOVEMENT_1',				'CLASS_LANDCIVILIAN'),
		('ABILITY_MNX_LAND_UNITS_MOVEMENT_1',				'CLASS_SUPPORT'),
		('ABILITY_MNX_LAND_UNITS_MOVEMENT_1',				'CLASS_RECON'),
		('ABILITY_MNX_LAND_UNITS_MOVEMENT_1',				'CLASS_MELEE'),
		('ABILITY_MNX_LAND_UNITS_MOVEMENT_1',				'CLASS_RANGED'),
		('ABILITY_MNX_LAND_UNITS_MOVEMENT_1',				'CLASS_SIEGE'),
		('ABILITY_MNX_LAND_UNITS_MOVEMENT_1',				'CLASS_HEAVY_CAVALRY'),
		('ABILITY_MNX_LAND_UNITS_MOVEMENT_1',				'CLASS_LIGHT_CAVALRY'),
		('ABILITY_MNX_LAND_UNITS_MOVEMENT_1',				'CLASS_RANGED_CAVALRY'),
		('ABILITY_MNX_LAND_UNITS_MOVEMENT_1',				'CLASS_ANTI_CAVALRY'),
		('ABILITY_MNX_LAND_UNITS_MOVEMENT_1',				'CLASS_HEAVY_CHARIOT'),
		('ABILITY_MNX_LAND_UNITS_MOVEMENT_1',				'CLASS_LIGHT_CHARIOT'),
		('ABILITY_MNX_LAND_UNITS_MOVEMENT_1',				'CLASS_WARRIOR_MONK'),

		('ABILITY_MNX_EMBARK_MOVEMENT_1',					'CLASS_LANDCIVILIAN'),
		('ABILITY_MNX_EMBARK_MOVEMENT_1',					'CLASS_SUPPORT'),
		--('ABILITY_MNX_EMBARK_MOVEMENT_1',					'CLASS_RECON'),
		('ABILITY_MNX_EMBARK_MOVEMENT_1',					'CLASS_MELEE'),
		('ABILITY_MNX_EMBARK_MOVEMENT_1',					'CLASS_RANGED'),
		('ABILITY_MNX_EMBARK_MOVEMENT_1',					'CLASS_SIEGE'),
		('ABILITY_MNX_EMBARK_MOVEMENT_1',					'CLASS_HEAVY_CAVALRY'),
		('ABILITY_MNX_EMBARK_MOVEMENT_1',					'CLASS_LIGHT_CAVALRY'),
		('ABILITY_MNX_EMBARK_MOVEMENT_1',					'CLASS_RANGED_CAVALRY'),
		('ABILITY_MNX_EMBARK_MOVEMENT_1',					'CLASS_ANTI_CAVALRY'),
		('ABILITY_MNX_EMBARK_MOVEMENT_1',					'CLASS_HEAVY_CHARIOT'),
		('ABILITY_MNX_EMBARK_MOVEMENT_1',					'CLASS_LIGHT_CHARIOT'),
		('ABILITY_MNX_EMBARK_MOVEMENT_1',					'CLASS_WARRIOR_MONK'),
		
		('ABILITY_MNX_EMBARK_MOVEMENT_2',					'CLASS_LANDCIVILIAN'),
		('ABILITY_MNX_EMBARK_MOVEMENT_2',					'CLASS_SUPPORT'),
		('ABILITY_MNX_EMBARK_MOVEMENT_2',					'CLASS_RECON'),
		('ABILITY_MNX_EMBARK_MOVEMENT_2',					'CLASS_MELEE'),
		('ABILITY_MNX_EMBARK_MOVEMENT_2',					'CLASS_RANGED'),
		('ABILITY_MNX_EMBARK_MOVEMENT_2',					'CLASS_SIEGE'),
		('ABILITY_MNX_EMBARK_MOVEMENT_2',					'CLASS_HEAVY_CAVALRY'),
		('ABILITY_MNX_EMBARK_MOVEMENT_2',					'CLASS_LIGHT_CAVALRY'),
		('ABILITY_MNX_EMBARK_MOVEMENT_2',					'CLASS_RANGED_CAVALRY'),
		('ABILITY_MNX_EMBARK_MOVEMENT_2',					'CLASS_ANTI_CAVALRY'),
		('ABILITY_MNX_EMBARK_MOVEMENT_2',					'CLASS_HEAVY_CHARIOT'),
		('ABILITY_MNX_EMBARK_MOVEMENT_2',					'CLASS_LIGHT_CHARIOT'),
		('ABILITY_MNX_EMBARK_MOVEMENT_2',					'CLASS_WARRIOR_MONK'),

		('ABILITY_MNX_EMBARK_MOVEMENT_3',					'CLASS_LANDCIVILIAN'),
		('ABILITY_MNX_EMBARK_MOVEMENT_3',					'CLASS_SUPPORT'),
		('ABILITY_MNX_EMBARK_MOVEMENT_3',					'CLASS_RECON'),
		('ABILITY_MNX_EMBARK_MOVEMENT_3',					'CLASS_MELEE'),
		('ABILITY_MNX_EMBARK_MOVEMENT_3',					'CLASS_RANGED'),
		('ABILITY_MNX_EMBARK_MOVEMENT_3',					'CLASS_SIEGE'),
		('ABILITY_MNX_EMBARK_MOVEMENT_3',					'CLASS_HEAVY_CAVALRY'),
		('ABILITY_MNX_EMBARK_MOVEMENT_3',					'CLASS_LIGHT_CAVALRY'),
		('ABILITY_MNX_EMBARK_MOVEMENT_3',					'CLASS_RANGED_CAVALRY'),
		('ABILITY_MNX_EMBARK_MOVEMENT_3',					'CLASS_ANTI_CAVALRY'),
		('ABILITY_MNX_EMBARK_MOVEMENT_3',					'CLASS_HEAVY_CHARIOT'),
		('ABILITY_MNX_EMBARK_MOVEMENT_3',					'CLASS_LIGHT_CHARIOT'),
		('ABILITY_MNX_EMBARK_MOVEMENT_3',					'CLASS_WARRIOR_MONK'),

		('ABILITY_MNX_EMBARK_MOVEMENT_4',					'CLASS_LANDCIVILIAN'),
		('ABILITY_MNX_EMBARK_MOVEMENT_4',					'CLASS_SUPPORT'),
		('ABILITY_MNX_EMBARK_MOVEMENT_4',					'CLASS_RECON'),
		('ABILITY_MNX_EMBARK_MOVEMENT_4',					'CLASS_MELEE'),
		('ABILITY_MNX_EMBARK_MOVEMENT_4',					'CLASS_RANGED'),
		('ABILITY_MNX_EMBARK_MOVEMENT_4',					'CLASS_SIEGE'),
		('ABILITY_MNX_EMBARK_MOVEMENT_4',					'CLASS_HEAVY_CAVALRY'),
		('ABILITY_MNX_EMBARK_MOVEMENT_4',					'CLASS_LIGHT_CAVALRY'),
		('ABILITY_MNX_EMBARK_MOVEMENT_4',					'CLASS_RANGED_CAVALRY'),
		('ABILITY_MNX_EMBARK_MOVEMENT_4',					'CLASS_ANTI_CAVALRY'),
		('ABILITY_MNX_EMBARK_MOVEMENT_4',					'CLASS_HEAVY_CHARIOT'),
		('ABILITY_MNX_EMBARK_MOVEMENT_4',					'CLASS_LIGHT_CHARIOT'),
		('ABILITY_MNX_EMBARK_MOVEMENT_4',					'CLASS_WARRIOR_MONK'),
		
		('ABILITY_MNX_IGNORE_EMBARK_DISEMBARK_COST',		'CLASS_LANDCIVILIAN'),
		('ABILITY_MNX_IGNORE_EMBARK_DISEMBARK_COST',		'CLASS_SUPPORT'),
		('ABILITY_MNX_IGNORE_EMBARK_DISEMBARK_COST',		'CLASS_RECON'),
		('ABILITY_MNX_IGNORE_EMBARK_DISEMBARK_COST',		'CLASS_MELEE'),
		('ABILITY_MNX_IGNORE_EMBARK_DISEMBARK_COST',		'CLASS_RANGED'),
		('ABILITY_MNX_IGNORE_EMBARK_DISEMBARK_COST',		'CLASS_SIEGE'),
		('ABILITY_MNX_IGNORE_EMBARK_DISEMBARK_COST',		'CLASS_HEAVY_CAVALRY'),
		('ABILITY_MNX_IGNORE_EMBARK_DISEMBARK_COST',		'CLASS_LIGHT_CAVALRY'),
		('ABILITY_MNX_IGNORE_EMBARK_DISEMBARK_COST',		'CLASS_RANGED_CAVALRY'),
		('ABILITY_MNX_IGNORE_EMBARK_DISEMBARK_COST',		'CLASS_ANTI_CAVALRY'),
		('ABILITY_MNX_IGNORE_EMBARK_DISEMBARK_COST',		'CLASS_HEAVY_CHARIOT'),
		('ABILITY_MNX_IGNORE_EMBARK_DISEMBARK_COST',		'CLASS_LIGHT_CHARIOT'),
		('ABILITY_MNX_IGNORE_EMBARK_DISEMBARK_COST',		'CLASS_WARRIOR_MONK'),

		('ABILITY_MNX_FIGHT_WHILE_EMBARKED',				'CLASS_RECON'),
		('ABILITY_MNX_FIGHT_WHILE_EMBARKED',				'CLASS_MELEE'),
		('ABILITY_MNX_FIGHT_WHILE_EMBARKED',				'CLASS_RANGED'),
		('ABILITY_MNX_FIGHT_WHILE_EMBARKED',				'CLASS_SIEGE'),
		('ABILITY_MNX_FIGHT_WHILE_EMBARKED',				'CLASS_HEAVY_CAVALRY'),
		('ABILITY_MNX_FIGHT_WHILE_EMBARKED',				'CLASS_LIGHT_CAVALRY'),
		('ABILITY_MNX_FIGHT_WHILE_EMBARKED',				'CLASS_RANGED_CAVALRY'),
		('ABILITY_MNX_FIGHT_WHILE_EMBARKED',				'CLASS_ANTI_CAVALRY'),
		('ABILITY_MNX_FIGHT_WHILE_EMBARKED',				'CLASS_HEAVY_CHARIOT'),
		('ABILITY_MNX_FIGHT_WHILE_EMBARKED',				'CLASS_LIGHT_CHARIOT'),
		('ABILITY_MNX_FIGHT_WHILE_EMBARKED',				'CLASS_WARRIOR_MONK'),

		('ABILITY_MNX_SEA_MOVEMENT_1',						'CLASS_NAVAL_MELEE'),
		('ABILITY_MNX_SEA_MOVEMENT_1',						'CLASS_NAVAL_RANGED'),
		('ABILITY_MNX_SEA_MOVEMENT_1',						'CLASS_NAVAL_RAIDER'),
		('ABILITY_MNX_SEA_MOVEMENT_1',						'CLASS_NAVAL_CARRIER'),
		('ABILITY_MNX_SEA_MOVEMENT_2',						'CLASS_NAVAL_MELEE'),
		('ABILITY_MNX_SEA_MOVEMENT_2',						'CLASS_NAVAL_RANGED'),
		('ABILITY_MNX_SEA_MOVEMENT_2',						'CLASS_NAVAL_RAIDER'),
		('ABILITY_MNX_SEA_MOVEMENT_2',						'CLASS_NAVAL_CARRIER'),
		('ABILITY_MNX_SEA_MOVEMENT_3',						'CLASS_NAVAL_MELEE'),
		('ABILITY_MNX_SEA_MOVEMENT_3',						'CLASS_NAVAL_RANGED'),
		('ABILITY_MNX_SEA_MOVEMENT_3',						'CLASS_NAVAL_RAIDER'),
		('ABILITY_MNX_SEA_MOVEMENT_3',						'CLASS_NAVAL_CARRIER'),
		('ABILITY_MNX_SEA_MOVEMENT_4',						'CLASS_NAVAL_MELEE'),
		('ABILITY_MNX_SEA_MOVEMENT_4',						'CLASS_NAVAL_RANGED'),
		('ABILITY_MNX_SEA_MOVEMENT_4',						'CLASS_NAVAL_RAIDER'),
		('ABILITY_MNX_SEA_MOVEMENT_4',						'CLASS_NAVAL_CARRIER'),

		('ABILITY_MNX_SEA_STRENGTH_1',						'CLASS_NAVAL_MELEE'),
		('ABILITY_MNX_SEA_STRENGTH_1',						'CLASS_NAVAL_RANGED'),
		('ABILITY_MNX_SEA_STRENGTH_1',						'CLASS_NAVAL_RAIDER'),
		('ABILITY_MNX_SEA_STRENGTH_1',						'CLASS_NAVAL_CARRIER'),
		('ABILITY_MNX_SEA_STRENGTH_2',						'CLASS_NAVAL_MELEE'),
		('ABILITY_MNX_SEA_STRENGTH_2',						'CLASS_NAVAL_RANGED'),
		('ABILITY_MNX_SEA_STRENGTH_2',						'CLASS_NAVAL_RAIDER'),
		('ABILITY_MNX_SEA_STRENGTH_2',						'CLASS_NAVAL_CARRIER'),
		('ABILITY_MNX_SEA_STRENGTH_3',						'CLASS_NAVAL_MELEE'),
		('ABILITY_MNX_SEA_STRENGTH_3',						'CLASS_NAVAL_RANGED'),
		('ABILITY_MNX_SEA_STRENGTH_3',						'CLASS_NAVAL_RAIDER'),
		('ABILITY_MNX_SEA_STRENGTH_3',						'CLASS_NAVAL_CARRIER'),
		('ABILITY_MNX_SEA_STRENGTH_4',						'CLASS_NAVAL_MELEE'),
		('ABILITY_MNX_SEA_STRENGTH_4',						'CLASS_NAVAL_RANGED'),
		('ABILITY_MNX_SEA_STRENGTH_4',						'CLASS_NAVAL_RAIDER'),
		('ABILITY_MNX_SEA_STRENGTH_4',						'CLASS_NAVAL_CARRIER'),

		('ABILITY_MNX_HEAL_NEUTRAL_TERRITORY',				'CLASS_NAVAL_MELEE'),
		('ABILITY_MNX_HEAL_NEUTRAL_TERRITORY',				'CLASS_NAVAL_RANGED'),
		('ABILITY_MNX_HEAL_NEUTRAL_TERRITORY',				'CLASS_NAVAL_RAIDER'),
		('ABILITY_MNX_HEAL_NEUTRAL_TERRITORY',				'CLASS_NAVAL_CARRIER');


INSERT OR IGNORE INTO Modifiers 
		(ModifierId,									ModifierType,											OwnerRequirementSetId,		SubjectRequirementSetId)
VALUES	-- Unlock Unique Units
		('MOD_MNX_UNIQUE_UNIT_DROMON',					'MODIFIER_PLAYER_ADJUST_VALID_UNIT_BUILD',				'PLAYER_IS_HUMAN',			'REQSR_MNX_HAS_TECH_SHIPBUILDING'),
		('MOD_MNX_UNIQUE_UNIT_SEADOG',					'MODIFIER_PLAYER_ADJUST_VALID_UNIT_BUILD',				'PLAYER_IS_HUMAN',			'REQSR_MNX_HAS_CIVIC_MERCANTILISM'),
		('MOD_MNX_UNIQUE_UNIT_UBOAT',					'MODIFIER_PLAYER_ADJUST_VALID_UNIT_BUILD',				'PLAYER_IS_HUMAN',			'REQSR_MNX_HAS_TECH_ELECTRICITY'),
		
		-- Grant Unit Abilities
		('MOD_MNX_EMBARK_ALL_UNITS',					'MODIFIER_PLAYER_UNITS_GRANT_ABILITY',					'PLAYER_IS_HUMAN',			NULL),
		('MOD_MNX_UNLOCK_OCEAN',						'MODIFIER_PLAYER_UNITS_ADJUST_VALID_TERRAIN',			'PLAYER_IS_HUMAN',			NULL),

		('MOD_MNX_ALL_MOVEMENT_1',						'MODIFIER_PLAYER_UNITS_GRANT_ABILITY',					'PLAYER_IS_HUMAN',			NULL),
		('MOD_MNX_LAND_UNITS_MOVEMENT_1',				'MODIFIER_PLAYER_UNITS_GRANT_ABILITY',					'PLAYER_IS_HUMAN',			NULL),
		
		('MOD_MNX_EMBARK_MOVEMENT_1',					'MODIFIER_PLAYER_UNITS_GRANT_ABILITY',					'PLAYER_IS_HUMAN',			NULL),
		('MOD_MNX_EMBARK_MOVEMENT_2',					'MODIFIER_PLAYER_UNITS_GRANT_ABILITY',					'PLAYER_IS_HUMAN',			NULL),
		('MOD_MNX_EMBARK_MOVEMENT_3',					'MODIFIER_PLAYER_UNITS_GRANT_ABILITY',					'PLAYER_IS_HUMAN',			NULL),
		('MOD_MNX_EMBARK_MOVEMENT_4',					'MODIFIER_PLAYER_UNITS_GRANT_ABILITY',					'PLAYER_IS_HUMAN',			NULL),

		('MOD_MNX_SEA_MOVEMENT_1',						'MODIFIER_PLAYER_UNITS_GRANT_ABILITY',					'PLAYER_IS_HUMAN',			NULL),
		('MOD_MNX_SEA_MOVEMENT_2',						'MODIFIER_PLAYER_UNITS_GRANT_ABILITY',					'PLAYER_IS_HUMAN',			NULL),
		('MOD_MNX_SEA_MOVEMENT_3',						'MODIFIER_PLAYER_UNITS_GRANT_ABILITY',					'PLAYER_IS_HUMAN',			NULL),
		('MOD_MNX_SEA_MOVEMENT_4',						'MODIFIER_PLAYER_UNITS_GRANT_ABILITY',					'PLAYER_IS_HUMAN',			NULL),

		('MOD_MNX_RECON_MOVEMENT',						'MODIFIER_PLAYER_UNITS_GRANT_ABILITY',					'PLAYER_IS_HUMAN',			NULL),
		('MOD_MNX_RECON_EMBARK_MOVEMENT',				'MODIFIER_PLAYER_UNITS_GRANT_ABILITY',					'PLAYER_IS_HUMAN',			NULL),
		('MOD_MNX_RECON_COMBAT',						'MODIFIER_PLAYER_UNITS_GRANT_ABILITY',					'PLAYER_IS_HUMAN',			NULL),
		('MOD_MNX_RECON_SIGHT',							'MODIFIER_PLAYER_UNITS_GRANT_ABILITY',					'PLAYER_IS_HUMAN',			NULL),
					
		('MOD_MNX_WATER_TRADER_PROTECT',				'MODIFIER_PLAYER_UNITS_GRANT_ABILITY',					'PLAYER_IS_HUMAN',			'UNIT_IS_TRADER'),
		('MOD_MNX_IGNORE_EMBARK_DISEMBARK_COST',		'MODIFIER_PLAYER_UNITS_GRANT_ABILITY',					'PLAYER_IS_HUMAN',			NULL),
		('MOD_MNX_FIGHT_WHILE_EMBARKED',				'MODIFIER_PLAYER_UNITS_GRANT_ABILITY',					'PLAYER_IS_HUMAN',			NULL),
		('MOD_MNX_SHIP_HEAL_NEUTRAL',					'MODIFIER_PLAYER_UNITS_GRANT_ABILITY',					'PLAYER_IS_HUMAN',			NULL),

		('MOD_MNX_COMBAT_STRENGTH_HAS_RELIGION',		'MODIFIER_PLAYER_UNITS_GRANT_ABILITY',					'PLAYER_IS_HUMAN',			NULL), --'PLAYER_FOUNDED_RELIGION_REQUIREMENTS'),

		('MOD_MNX_SEA_STRENGTH_1',						'MODIFIER_PLAYER_UNITS_GRANT_ABILITY',					'PLAYER_IS_HUMAN',			NULL),
		('MOD_MNX_SEA_STRENGTH_2',						'MODIFIER_PLAYER_UNITS_GRANT_ABILITY',					'PLAYER_IS_HUMAN',			NULL),
		('MOD_MNX_SEA_STRENGTH_3',						'MODIFIER_PLAYER_UNITS_GRANT_ABILITY',					'PLAYER_IS_HUMAN',			NULL),
		('MOD_MNX_SEA_STRENGTH_4',						'MODIFIER_PLAYER_UNITS_GRANT_ABILITY',					'PLAYER_IS_HUMAN',			NULL),

		('MOD_MNX_RELIGIOUS_STRENGTH_1',				'MODIFIER_PLAYER_UNITS_GRANT_ABILITY',					'PLAYER_IS_HUMAN',			NULL),
		('MOD_MNX_RELIGIOUS_STRENGTH_2',				'MODIFIER_PLAYER_UNITS_GRANT_ABILITY',					'PLAYER_IS_HUMAN',			NULL),
		
		-- Unit Abilities modifiers
		('MOD_MNX_ABIL_ALL_MOVEMENT_1',					'MODIFIER_PLAYER_UNIT_ADJUST_MOVEMENT',					'PLAYER_IS_HUMAN',			NULL),
		('MOD_MNX_ABIL_LAND_UNITS_MOVEMENT_1',			'MODIFIER_PLAYER_UNIT_ADJUST_MOVEMENT',					'PLAYER_IS_HUMAN',			NULL),
		
		('MOD_MNX_ABIL_EMBARK_MOVEMENT_1',				'MODIFIER_PLAYER_UNIT_ADJUST_MOVEMENT',					'PLAYER_IS_HUMAN',			'REQUIREMENTS_UNIT_IS_EMBARKED'),
		('MOD_MNX_ABIL_EMBARK_MOVEMENT_2',				'MODIFIER_PLAYER_UNIT_ADJUST_MOVEMENT',					'PLAYER_IS_HUMAN',			'REQUIREMENTS_UNIT_IS_EMBARKED'),
		('MOD_MNX_ABIL_EMBARK_MOVEMENT_3',				'MODIFIER_PLAYER_UNIT_ADJUST_MOVEMENT',					'PLAYER_IS_HUMAN',			'REQUIREMENTS_UNIT_IS_EMBARKED'),
		('MOD_MNX_ABIL_EMBARK_MOVEMENT_4',				'MODIFIER_PLAYER_UNIT_ADJUST_MOVEMENT',					'PLAYER_IS_HUMAN',			'REQUIREMENTS_UNIT_IS_EMBARKED'),
		
		('MOD_MNX_ABIL_SEA_MOVEMENT_1',					'MODIFIER_PLAYER_UNIT_ADJUST_SEA_MOVEMENT',				'PLAYER_IS_HUMAN',			NULL),
		('MOD_MNX_ABIL_SEA_MOVEMENT_2',					'MODIFIER_PLAYER_UNIT_ADJUST_SEA_MOVEMENT',				'PLAYER_IS_HUMAN',			NULL),
		('MOD_MNX_ABIL_SEA_MOVEMENT_3',					'MODIFIER_PLAYER_UNIT_ADJUST_SEA_MOVEMENT',				'PLAYER_IS_HUMAN',			NULL),
		('MOD_MNX_ABIL_SEA_MOVEMENT_4',					'MODIFIER_PLAYER_UNIT_ADJUST_SEA_MOVEMENT',				'PLAYER_IS_HUMAN',			NULL),

		('MOD_MNX_ABIL_RECON_MOVEMENT',					'MODIFIER_PLAYER_UNIT_ADJUST_MOVEMENT',					'PLAYER_IS_HUMAN',			NULL),
		('MOD_MNX_ABIL_RECON_EMBARK_MOVEMENT',			'MODIFIER_PLAYER_UNIT_ADJUST_MOVEMENT',					'PLAYER_IS_HUMAN',			'REQUIREMENTS_UNIT_IS_EMBARKED'),
		('MOD_MNX_ABIL_RECON_COMBAT',					'MODIFIER_UNIT_ADJUST_COMBAT_STRENGTH',					'PLAYER_IS_HUMAN',			NULL),
		('MOD_MNX_ABIL_RECON_SIGHT',					'MODIFIER_PLAYER_UNIT_ADJUST_SIGHT',					'PLAYER_IS_HUMAN',			'REQUIREMENTS_UNIT_IS_EMBARKED'),

		('MOD_MNX_ABIL_IGNORE_EMBARK_DISEMBARK_COST',	'MODIFIER_PLAYER_UNIT_ADJUST_IGNORE_SHORES',			'PLAYER_IS_HUMAN',			NULL),
		('MOD_MNX_ABIL_FIGHT_WHILE_EMBARKED',			'MODIFIER_SINGLE_UNIT_ADJUST_FIGHT_WHILE_EMBARKED',		'PLAYER_IS_HUMAN',			NULL),
		('MOD_MNX_ABIL_SHIP_HEAL_NEUTRAL',				'MODIFIER_PLAYER_UNIT_ADJUST_HEAL_PER_TURN',			'PLAYER_IS_HUMAN',			NULL),
		
		('MOD_MNX_ABIL_COMBAT_STRENGTH_HAS_RELIGION',	'MODIFIER_UNIT_ADJUST_COMBAT_STRENGTH',					'PLAYER_IS_HUMAN',			NULL),

		('MOD_MNX_ABIL_SEA_STRENGTH_1',					'MODIFIER_UNIT_ADJUST_COMBAT_STRENGTH',					'PLAYER_IS_HUMAN',			NULL),
		('MOD_MNX_ABIL_SEA_STRENGTH_2',					'MODIFIER_UNIT_ADJUST_COMBAT_STRENGTH',					'PLAYER_IS_HUMAN',			NULL),
		('MOD_MNX_ABIL_SEA_STRENGTH_3',					'MODIFIER_UNIT_ADJUST_COMBAT_STRENGTH',					'PLAYER_IS_HUMAN',			NULL),
		('MOD_MNX_ABIL_SEA_STRENGTH_4',					'MODIFIER_UNIT_ADJUST_COMBAT_STRENGTH',					'PLAYER_IS_HUMAN',			NULL),

		('MOD_MNX_ABIL_RELIGIOUS_STRENGTH_1',			'MODIFIER_UNIT_ADJUST_COMBAT_STRENGTH',					'PLAYER_IS_HUMAN',			NULL),
		('MOD_MNX_ABIL_RELIGIOUS_STRENGTH_2',			'MODIFIER_UNIT_ADJUST_COMBAT_STRENGTH',					'PLAYER_IS_HUMAN',			NULL);


INSERT OR IGNORE INTO ModifierArguments
		(ModifierId,									Name,						Value)
VALUES	-- Unique Units
		('MOD_MNX_UNIQUE_UNIT_DROMON',					'UnitType',					'UNIT_BYZANTINE_DROMON'),
		('MOD_MNX_UNIQUE_UNIT_SEADOG',					'UnitType',					'UNIT_ENGLISH_SEADOG'),
		('MOD_MNX_UNIQUE_UNIT_UBOAT',					'UnitType',					'UNIT_GERMAN_UBOAT'),
		
		-- Grant Unit abilities
		('MOD_MNX_EMBARK_ALL_UNITS',					'AbilityType',				'ABILITY_MANA'),
		('MOD_MNX_UNLOCK_OCEAN',						'TerrainType',				'TERRAIN_OCEAN'),
		('MOD_MNX_UNLOCK_OCEAN',						'Valid',					'1'),

		('MOD_MNX_ALL_MOVEMENT_1',						'AbilityType',				'ABILITY_MNX_ALL_MOVEMENT_1'),
		('MOD_MNX_LAND_UNITS_MOVEMENT_1',				'AbilityType',				'ABILITY_MNX_LAND_UNITS_MOVEMENT_1'),

		('MOD_MNX_EMBARK_MOVEMENT_1',					'AbilityType',				'ABILITY_MNX_EMBARK_MOVEMENT_1'),
		('MOD_MNX_EMBARK_MOVEMENT_2',					'AbilityType',				'ABILITY_MNX_EMBARK_MOVEMENT_2'),
		('MOD_MNX_EMBARK_MOVEMENT_3',					'AbilityType',				'ABILITY_MNX_EMBARK_MOVEMENT_3'),
		('MOD_MNX_EMBARK_MOVEMENT_4',					'AbilityType',				'ABILITY_MNX_EMBARK_MOVEMENT_4'),

		('MOD_MNX_SEA_MOVEMENT_1',						'AbilityType',				'ABILITY_MNX_SEA_MOVEMENT_1'),
		('MOD_MNX_SEA_MOVEMENT_2',						'AbilityType',				'ABILITY_MNX_SEA_MOVEMENT_2'),
		('MOD_MNX_SEA_MOVEMENT_3',						'AbilityType',				'ABILITY_MNX_SEA_MOVEMENT_3'),
		('MOD_MNX_SEA_MOVEMENT_4',						'AbilityType',				'ABILITY_MNX_SEA_MOVEMENT_4'),

		('MOD_MNX_RECON_MOVEMENT',						'AbilityType',				'ABILITY_MNX_RECON_MOVEMENT'),
		('MOD_MNX_RECON_EMBARK_MOVEMENT',				'AbilityType',				'ABILITY_MNX_RECON_EMBARK_MOVEMENT'),
		('MOD_MNX_RECON_COMBAT',						'AbilityType',				'ABILITY_MNX_RECON_COMBAT'),
		('MOD_MNX_RECON_SIGHT',							'AbilityType',				'ABILITY_MNX_RECON_SIGHT'),						

		('MOD_MNX_WATER_TRADER_PROTECT',				'AbilityType',				'ABILITY_TRADE_ROUTE_PLUNDER_IMMUNITY_SEA'),
		('MOD_MNX_IGNORE_EMBARK_DISEMBARK_COST',		'AbilityType',				'ABILITY_MNX_IGNORE_EMBARK_DISEMBARK_COST'),
		('MOD_MNX_FIGHT_WHILE_EMBARKED',				'AbilityType',				'ABILITY_MNX_FIGHT_WHILE_EMBARKED'),
		('MOD_MNX_SHIP_HEAL_NEUTRAL',					'AbilityType',				'ABILITY_MNX_HEAL_NEUTRAL_TERRITORY'),

		('MOD_MNX_COMBAT_STRENGTH_HAS_RELIGION',		'AbilityType',				'ABILITY_MNX_COMBAT_STRENGTH_HAS_RELIGION'),

		('MOD_MNX_SEA_STRENGTH_1',						'AbilityType',				'ABILITY_MNX_SEA_STRENGTH_1'),
		('MOD_MNX_SEA_STRENGTH_2',						'AbilityType',				'ABILITY_MNX_SEA_STRENGTH_2'),
		('MOD_MNX_SEA_STRENGTH_3',						'AbilityType',				'ABILITY_MNX_SEA_STRENGTH_3'),
		('MOD_MNX_SEA_STRENGTH_4',						'AbilityType',				'ABILITY_MNX_SEA_STRENGTH_4'),

		('MOD_MNX_RELIGIOUS_STRENGTH_1',				'AbilityType',				'ABILITY_MNX_RELIGIOUS_STRENGTH_1'),
		('MOD_MNX_RELIGIOUS_STRENGTH_2',				'AbilityType',				'ABILITY_MNX_RELIGIOUS_STRENGTH_2'),
		
		-- Units Abilities
		('MOD_MNX_ABIL_ALL_MOVEMENT_1',					'Amount',					'1'),
		('MOD_MNX_ABIL_LAND_UNITS_MOVEMENT_1',			'Amount',					'1'),

		('MOD_MNX_ABIL_EMBARK_MOVEMENT_1',				'Amount',					'2'),
		('MOD_MNX_ABIL_EMBARK_MOVEMENT_2',				'Amount',					'2'),
		('MOD_MNX_ABIL_EMBARK_MOVEMENT_3',				'Amount',					'2'),
		('MOD_MNX_ABIL_EMBARK_MOVEMENT_4',				'Amount',					'2'),

		('MOD_MNX_ABIL_SEA_MOVEMENT_1',					'Amount',					'2'),
		('MOD_MNX_ABIL_SEA_MOVEMENT_2',					'Amount',					'2'),
		('MOD_MNX_ABIL_SEA_MOVEMENT_3',					'Amount',					'2'),
		('MOD_MNX_ABIL_SEA_MOVEMENT_4',					'Amount',					'2'),

		('MOD_MNX_ABIL_RECON_MOVEMENT',					'Amount',					'3'),
		('MOD_MNX_ABIL_RECON_EMBARK_MOVEMENT',			'Amount',					'4'),
		('MOD_MNX_ABIL_RECON_COMBAT',					'Amount',					'15'),
		('MOD_MNX_ABIL_RECON_SIGHT',					'Amount',					'4'),		
		
		('MOD_MNX_ABIL_IGNORE_EMBARK_DISEMBARK_COST',	'Ignore',					'1'),
		('MOD_MNX_ABIL_FIGHT_WHILE_EMBARKED',			'CanFight',					'1'),
		('MOD_MNX_ABIL_SHIP_HEAL_NEUTRAL',				'Type',						'NEUTRAL'),
		('MOD_MNX_ABIL_SHIP_HEAL_NEUTRAL',				'Amount',					'10'),

		('MOD_MNX_ABIL_COMBAT_STRENGTH_HAS_RELIGION',	'Amount',					'5'),

		('MOD_MNX_ABIL_SEA_STRENGTH_1',					'Amount',					'3'),
		('MOD_MNX_ABIL_SEA_STRENGTH_2',					'Amount',					'3'),
		('MOD_MNX_ABIL_SEA_STRENGTH_3',					'Amount',					'3'),
		('MOD_MNX_ABIL_SEA_STRENGTH_4',					'Amount',					'3'),

		('MOD_MNX_ABIL_RELIGIOUS_STRENGTH_1',			'Amount',					'5'),
		('MOD_MNX_ABIL_RELIGIOUS_STRENGTH_2',			'Amount',					'5');