-- Abilities
-- Author: manux
-- DateCreated: 3/8/2024 11:19:57 PM
--------------------------------------------------------------

/*
INSERT OR IGNORE INTO DynamicModifiers 
		(ModifierType,							CollectionType,				EffectType)
VALUES	('MOD_MNX_OWNER_ATTACH_MODIFIER', 		'COLLECTION_OWNER', 		'EFFECT_ATTACH_MODIFIER');
*/

INSERT OR IGNORE INTO Types
		(Type,												Kind)
VALUES	--('MOD_MNX_OWNER_ATTACH_MODIFIER',					'KIND_MODIFIER'),
		('ABILITY_MNX_IGNORE_EMBARK_DISEMBARK_COST',		'KIND_ABILITY'),
		('ABILITY_MNX_FIGHT_WHILE_EMBARKED',				'KIND_ABILITY'),
		('ABILITY_MNX_HEAL_NEUTRAL_TERRITORY',				'KIND_ABILITY');


INSERT OR IGNORE INTO UnitAbilities
		(UnitAbilityType,									Inactive)
VALUES	('ABILITY_MNX_IGNORE_EMBARK_DISEMBARK_COST',		1),
		('ABILITY_MNX_FIGHT_WHILE_EMBARKED',				1),
		('ABILITY_MNX_HEAL_NEUTRAL_TERRITORY',				1);


INSERT OR IGNORE INTO UnitAbilityModifiers
		(UnitAbilityType,									ModifierId)
VALUES	('ABILITY_MNX_IGNORE_EMBARK_DISEMBARK_COST',		'MOD_MNX_ABIL_IGNORE_EMBARK_DISEMBARK_COST'),
		('ABILITY_MNX_FIGHT_WHILE_EMBARKED',				'MOD_MNX_ABIL_FIGHT_WHILE_EMBARKED'),
		('ABILITY_MNX_HEAL_NEUTRAL_TERRITORY',				'MOD_MNX_ABIL_SHIP_HEAL_NEUTRAL');


INSERT OR IGNORE INTO TypeTags
		(Type,												Tag)
VALUES	('ABILITY_MNX_IGNORE_EMBARK_DISEMBARK_COST',		'CLASS_ALL_COMBAT_UNITS'),
		('ABILITY_MNX_IGNORE_EMBARK_DISEMBARK_COST',		'CLASS_LANDCIVILIAN'),
		('ABILITY_MNX_IGNORE_EMBARK_DISEMBARK_COST',		'CLASS_SUPPORT'),
		('ABILITY_MNX_FIGHT_WHILE_EMBARKED',				'CLASS_RECON'),
		('ABILITY_MNX_FIGHT_WHILE_EMBARKED',				'CLASS_MELEE'),
		('ABILITY_MNX_FIGHT_WHILE_EMBARKED',				'CLASS_RANGED'),
		('ABILITY_MNX_FIGHT_WHILE_EMBARKED',				'CLASS_SIEGE'),
		('ABILITY_MNX_FIGHT_WHILE_EMBARKED',				'CLASS_HEAVY_CAVALRY'),
		('ABILITY_MNX_FIGHT_WHILE_EMBARKED',				'CLASS_LIGHT_CAVALRY'),
		('ABILITY_MNX_FIGHT_WHILE_EMBARKED',				'CLASS_RANGED_CAVALRY'),
		('ABILITY_MNX_FIGHT_WHILE_EMBARKED',				'CLASS_ANTI_CAVALRY'),
		('ABILITY_MNX_FIGHT_WHILE_EMBARKED',				'CLASS_HEAVY_CHARIOT'),
		('ABILITY_MNX_FIGHT_WHILE_EMBARKED',				'CLASS_LIGHT_CHARIOT'),
		('ABILITY_MNX_HEAL_NEUTRAL_TERRITORY',				'CLASS_NAVAL_MELEE'),
		('ABILITY_MNX_HEAL_NEUTRAL_TERRITORY',				'CLASS_NAVAL_RANGED'),
		('ABILITY_MNX_HEAL_NEUTRAL_TERRITORY',				'CLASS_NAVAL_RAIDER'),
		('ABILITY_MNX_HEAL_NEUTRAL_TERRITORY',				'CLASS_NAVAL_CARRIER');


INSERT OR IGNORE INTO Modifiers 
		(ModifierId,									ModifierType,											OwnerRequirementSetId,		SubjectRequirementSetId)
VALUES	-- Water unlock
		--('MOD_MNX_EMBARK',								'MODIFIER_PLAYER_UNITS_GRANT_ABILITY',					'PLAYER_IS_HUMAN',			NULL),
		('MOD_MNX_OCEAN',								'MODIFIER_PLAYER_UNITS_ADJUST_VALID_TERRAIN',			'PLAYER_IS_HUMAN',			NULL),
		-- Unique Units
		('MOD_MNX_UNIQUE_UNIT_DROMON',					'MODIFIER_PLAYER_ADJUST_VALID_UNIT_BUILD',				'PLAYER_IS_HUMAN',			'REQSR_MNX_HAS_TECH_SHIPBUILDING'),
		-- Units Abilities
		('MOD_MNX_WATER_TRADER_PROTECT',				'MODIFIER_PLAYER_UNITS_GRANT_ABILITY',					'PLAYER_IS_HUMAN',			'REQSR_MNX_UNIT_IS_TRADER'),
		('MOD_MNX_IGNORE_EMBARK_DISEMBARK_COST',		'MODIFIER_PLAYER_UNITS_GRANT_ABILITY',					'PLAYER_IS_HUMAN',			NULL),
		('MOD_MNX_FIGHT_WHILE_EMBARKED',				'MODIFIER_PLAYER_UNITS_GRANT_ABILITY',					'PLAYER_IS_HUMAN',			NULL),
		('MOD_MNX_SHIP_HEAL_NEUTRAL',					'MODIFIER_PLAYER_UNITS_GRANT_ABILITY',					'PLAYER_IS_HUMAN',			NULL),
		('MOD_MNX_ABIL_IGNORE_EMBARK_DISEMBARK_COST',	'MODIFIER_PLAYER_UNIT_ADJUST_IGNORE_SHORES',			'PLAYER_IS_HUMAN',			NULL),
		('MOD_MNX_ABIL_FIGHT_WHILE_EMBARKED',			'MODIFIER_SINGLE_UNIT_ADJUST_FIGHT_WHILE_EMBARKED',		'PLAYER_IS_HUMAN',			NULL),
		('MOD_MNX_ABIL_SHIP_HEAL_NEUTRAL',				'MODIFIER_PLAYER_UNIT_ADJUST_HEAL_PER_TURN',			'PLAYER_IS_HUMAN',			NULL);


INSERT OR IGNORE INTO ModifierArguments
		(ModifierId,									Name,						Value)
VALUES	-- Water unlock
		--('MOD_MNX_EMBARK',								'AbilityType',				'ABILITY_MANA'),
		('MOD_MNX_OCEAN',								'TerrainType',				'TERRAIN_OCEAN'),
		('MOD_MNX_OCEAN',								'Valid',					'1'),
		-- Unique Units
		('MOD_MNX_UNIQUE_UNIT_DROMON',					'UnitType',					'UNIT_BYZANTINE_DROMON'),
		-- Units Abilities
		('MOD_MNX_WATER_TRADER_PROTECT',				'AbilityType',				'ABILITY_TRADE_ROUTE_PLUNDER_IMMUNITY_SEA'),
		('MOD_MNX_IGNORE_EMBARK_DISEMBARK_COST',		'AbilityType',				'ABILITY_MNX_IGNORE_EMBARK_DISEMBARK_COST'),
		('MOD_MNX_FIGHT_WHILE_EMBARKED',				'AbilityType',				'ABILITY_MNX_FIGHT_WHILE_EMBARKED'),
		('MOD_MNX_SHIP_HEAL_NEUTRAL',					'AbilityType',				'ABILITY_MNX_HEAL_NEUTRAL_TERRITORY'),
		('MOD_MNX_ABIL_IGNORE_EMBARK_DISEMBARK_COST',	'Ignore',					'1'),
		('MOD_MNX_ABIL_FIGHT_WHILE_EMBARKED',			'CanFight',					'1'),
		('MOD_MNX_ABIL_SHIP_HEAL_NEUTRAL',				'Type',						'NEUTRAL'),
		('MOD_MNX_ABIL_SHIP_HEAL_NEUTRAL',				'Amount',					'10');